iso3,gdp_per_capita_ppp,gdp_total_usd,life_expectancy,military_expenditure_pct_gdp,population_density,population_growth_pct,real_gdp_growth_pct,total_population,unemployment_rate,urbanization_rate,Corruption_Perception_Index_2024_iso3,inflation_pct_wb,literacy_rate_unesco,military_expenditure_constusd,wgi_gov_effectiveness,latitude,longitude,cluster,composite_score,cluster_rank,cluster_desc,composite_score_np,country_rank_np
ABW,44967.3445127078,3648573136.15155,76.353,1.56832126015003,596.166666666667,0.0456516784920034,4.26371941452948,107359.0,5.166,44.254,40.0,3.3233806708656,92.1500015258789,49331897000.0,0.795440852642059,12.5,-69.97,2,0.0621585633544627,6,Lower‑middle performers,0.065994337174,80
AFG,2211.28063454007,17233051620.1117,66.035,1.56832126015003,62.2155405301811,2.13559384981397,2.71088679128353,41454761.0,13.295,26.933,17.0,-6.60118564073726,37.0,23040000000.0,-1.98701369762421,33.94,67.71,1,-0.8397219032106822,10,Low performers,-0.7975703360242121,210
AGO,8040.70244971812,84824654481.7249,64.617,1.33252915998752,28.5834835966953,3.08065530722915,1.00128936028298,36749906.0,14.464,68.688,32.0,28.2404948915772,72.4000015258789,854800000000.0,-1.00890958309174,-11.2,17.87,3,-0.4624369966302605,7,Lower‑middle performers,-0.4387113246015811,181
ALB,21263.1956590519,23547179830.4413,79.602,1.74399167669186,101.375510948905,-1.14841763771287,3.93662525742167,2745972.0,10.25,64.603,42.0,2.21448953273294,98.5,40256000000.0,0.250855356454849,41.15,20.17,2,0.0522992104989501,6,Lower‑middle performers,-0.0517891027995159,99
AND,71730.6686821645,3785067331.7625,84.041,1.56832126015003,169.585106382979,1.43374756867515,2.58355480961319,80856.0,5.166,87.774,40.0,3.3233806708656,92.1500015258789,49331897000.0,1.4754387140274,42.5,1.6,4,0.4171309124150533,4,Upper‑middle performers,0.6557699371860148,28
ARE,76110.3848456483,514130432653.081,82.909,1.56832126015003,141.861123627147,3.97717097504667,3.61870653547174,10483751.0,2.133,87.779,68.0,1.62670837213248,98.0,49331897000.0,1.60428190231323,23.42,53.85,4,0.6852531296666834,4,Upper‑middle performers,0.9431393141394746,8
ARG,30082.3045247323,646075277525.125,77.395,0.472747196738259,16.5922716858687,0.286976121920089,-1.61100162090189,45538401.0,7.876,92.463,37.0,3.3233806708656,92.1500015258789,826649000000.0,-0.377517342567444,-38.42,-63.62,2,-0.0748331481962651,6,Lower‑middle performers,0.0749502790418008,78
ARM,21342.5145334886,24085749592.3359,77.4658536585366,5.45092500345977,104.292237442922,0.728178919340382,8.29999999959539,2990900.0,13.329,63.739,47.0,0.269511978259125,92.1500015258789,520520000000.0,-0.184129968285561,40.07,45.04,2,0.2487166558459871,6,Lower‑middle performers,-0.0056016031114197,90
ASM,19828.9248461199,44026363258.1748,72.852,1.56832126015003,241.71,-1.71290294190977,2.94478583082221,47521.0,5.166,87.235,40.0,3.3233806708656,92.1500015258789,49331897000.0,0.654167771339417,,,2,0.0638320137232371,6,Lower‑middle performers,-0.008419958236184,91
ATG,32149.1403648823,2033085185.18518,77.598,1.56832126015003,211.0,0.511400156215609,3.86201218730389,93316.0,5.166,24.332,40.0,5.06713865364213,92.1500015258789,49331897000.0,0.380410820245743,,,2,-0.0845188621920532,6,Lower‑middle performers,-0.155933954380998,124
AUS,70497.1524466689,1728057316695.61,83.0512195121951,1.92219906285917,3.38199835673854,2.4474661688131,3.44199220009025,26658948.0,4.072,86.617,77.0,3.1616142830575,92.1500015258789,48752894000.0,1.58987963199615,-25.27,133.77,4,0.6726748924763326,4,Upper‑middle performers,0.8782719145083959,11
AUT,70478.7873635411,511685203845.001,81.5414634146342,0.844274840737983,109.571631119729,0.989464653969154,-0.954962366849259,9131761.0,5.439,59.53,67.0,2.93791574279383,92.1500015258789,4081900000.0,1.32668149471283,47.52,14.55,4,0.2924089476972912,4,Upper‑middle performers,0.4435489806832431,41
AZE,23597.8378621757,72356176470.5882,74.429,4.60210314808281,122.707271627344,0.120242150339289,1.12397432709641,10153958.0,5.594,57.577,22.0,2.21217188919901,100.0,6054840000.0,-0.0326422192156315,40.14,47.58,2,-0.0472287965641117,6,Lower‑middle performers,-0.205860299807525,131
BDI,919.906646235639,2642161668.85211,63.651,3.65892759114663,518.734306853583,2.72764441044431,2.70000059705133,13689450.0,0.902,14.784,17.0,20.2124925027847,75.5400009155273,373670000000.0,-1.20011341571808,-3.37,29.92,8,-0.5550711395576458,8,Lower‑middle performers,-0.7495507662070119,205
BEL,69072.8333852392,644782756682.756,82.3975609756098,1.21461599569106,383.033055683085,0.913715890414841,1.25170063203595,11787423.0,5.488,98.189,69.0,3.14349136500041,92.1500015258789,7061800000.0,1.03702199459076,50.5,4.47,4,0.5124128116293013,4,Upper‑middle performers,0.7014244531140925,24
BEN,4129.97941493295,19676049075.7011,60.774,0.711202269909553,122.024663001064,2.52274772277722,6.35282160914288,14111034.0,1.722,50.1,45.0,2.73102465280233,47.0999984741211,85473000000.0,-0.218984127044678,9.31,2.32,1,-0.3482573332754602,10,Low performers,-0.3449727161653186,162
BFA,2754.71346543425,20324617844.5265,61.092,4.00532688335591,82.2698757309942,2.26973666268599,2.96018147384929,23025776.0,5.166,32.52,41.0,4.19113446375394,34.4900016784668,501728000000.0,-0.826227486133575,12.24,-1.56,1,-0.4979599284851504,10,Low performers,-0.6593972139915234,199
BGD,9147.77750665547,437415331040.994,74.672,1.02281837589173,1301.25909963893,1.22171475464107,5.77511237007889,171466990.0,4.68,40.473,23.0,10.4657482763412,76.0,454057000000.0,-0.697334110736847,23.68,90.36,8,-0.239167399542634,8,Lower‑middle performers,-0.157542116439248,125
BGR,37507.7733965202,102407653020.606,75.7073170731707,1.84737280288254,61.1949521002211,-3.00602010787702,1.88681483907177,6446596.0,4.104,76.701,43.0,2.44651943006079,98.4199981689453,3473000000.0,0.047112051397562,42.73,25.49,2,0.0398493900613605,6,Lower‑middle performers,-0.0713447577891205,103
BHR,63497.6169362333,46079867021.2766,81.284,3.10846000977851,1929.99113924051,3.37686417721007,2.9807927665851,1577059.0,1.102,89.869,53.0,0.919635459817651,98.0,520300000.0,0.697198748588562,,,4,0.6038894022155817,4,Upper‑middle performers,0.7797880091785726,23
BHS,36742.0620432456,14338500000.0,74.552,1.56832126015003,39.7140859140859,0.477303918283875,2.63905598075102,399440.0,8.463,83.625,65.0,3.05291578969743,92.1500015258789,49331897000.0,0.270353257656097,,,2,0.2027606514161712,6,Lower‑middle performers,0.1700680969336659,64
BIH,22449.150301736,27514782476.0406,77.85,0.80838231949892,62.5937890625,-0.617510129445164,2.21112447211205,3185073.0,10.723,50.269,33.0,1.69212733599724,98.3000030517578,392300000.0,-0.967812538146973,,,2,-0.2593686936061951,6,Lower‑middle performers,-0.3108747390452132,155
BLR,30763.0198215957,71857382745.6066,74.1837804878049,1.79770336310455,45.4607172767131,-0.540824986374776,3.88624214456901,9178298.0,3.361,80.731,33.0,5.78531910428,92.1500015258789,37337400000.0,-0.991465747356415,,,2,-0.0677475425008257,6,Lower‑middle performers,-0.1036775352649224,112
BLZ,13823.4379513758,3066850000.0,73.566,0.821928880066849,17.6559842174485,2.05772774277288,1.14901682065862,411106.0,7.0,46.608,40.0,3.28955985952768,92.1500015258789,52903025.0,-0.376311779022217,,,8,-0.2262670577514187,8,Lower‑middle performers,-0.2408438166564314,138
BMU,108810.998438551,8141700000.0,82.309,1.56832126015003,1199.05555555556,-0.0787967316952785,-0.0948235929642749,64698.0,5.166,100.0,40.0,3.3233806708656,92.1500015258789,49331897000.0,1.20168173313141,,,4,0.4502066333432549,4,Upper‑middle performers,0.8042028265477783,18
BOL,10925.2730516706,45135398008.8166,68.581,1.38612164709346,11.1484851841595,1.37334382280772,3.08196524087036,12244159.0,3.091,71.186,28.0,5.09976568317427,92.1500015258789,4451108588.0,-0.639481067657471,,,8,-0.2052817470586502,8,Lower‑middle performers,-0.22670923527906,133
BRA,21107.2821033791,2173665655937.27,75.848,1.07876906016448,25.161867951482,0.395928695574996,2.90848048667777,211140729.0,7.634,87.788,34.0,4.36746407652337,94.6900024414062,114523700000.0,-0.546764314174652,,,2,0.00884175321763,6,Lower‑middle performers,0.1968379454769041,59
BRB,21336.1575553015,6720733200.0,76.178,1.56832126015003,656.553488372093,0.0063755857590991,4.09382010970572,282336.0,7.529,31.425,68.0,9.79207077126447,92.1500015258789,49331897000.0,0.380443245172501,,,2,0.0535540346883038,6,Lower‑middle performers,-0.1416540608632264,120
BRN,85267.5530498505,15128292980.8638,75.327,2.96910709140811,86.4079696394687,0.782881746925984,1.40706832327938,458949.0,5.144,79.149,40.0,-0.388674165036461,97.5899963378906,603355000.0,1.4017870426178,,,4,0.3388109447687828,4,Upper‑middle performers,0.4888274008947674,38
BTN,19828.9248461199,44026363258.1748,72.975,1.56832126015003,20.4749344520189,0.698146584889649,2.94478583082221,786385.0,2.856,44.35,72.0,2.76131569624098,72.0999984741211,49331897000.0,0.566305339336395,,,2,0.035313879973277,6,Lower‑middle performers,-0.1017304663456471,111
BWA,20916.4015457301,19396084498.0084,69.163,2.52982250302121,4.30521059411007,1.64031664035479,2.73379817032757,2480244.0,23.138,72.867,57.0,2.81835131676251,92.1500015258789,6829247500.0,0.430828422307968,,,3,0.0029027816504882,7,Lower‑middle performers,-0.0772002942331644,104
CAF,1259.82439976102,2555492085.24831,57.408,2.28543299952889,8.18331086070179,1.06107453184959,0.870251450842758,5152421.0,5.899,43.614,24.0,2.97913852618937,92.1500015258789,37839000000.0,-1.73500919342041,,,8,-0.625230345983134,8,Lower‑middle performers,-0.8057833623056858,211
CAN,63524.7038742635,2142470914401.36,81.6465853658537,1.29300145446276,4.43058199733749,2.93227401162387,1.24892730403391,40097761.0,6.45,81.862,75.0,2.38158383281173,92.1500015258789,36757250000.0,1.51680326461792,,,4,0.5322971677488867,4,Upper‑middle performers,0.7907220874101623,21
CHE,89546.278488259,884940402230.409,84.0560975609756,0.702718004518668,222.150599739861,1.25678260643691,0.716066868695833,8888093.0,4.11,74.202,81.0,1.06234041976595,92.1500015258789,5674700000.0,2.13492703437805,,,4,0.6193362514870039,4,Upper‑middle performers,0.8632042681996339,14
CHL,32802.8722248605,335533331669.219,81.167,1.6328889293069,26.2975043441304,0.53962870957127,0.218780666901552,19658835.0,9.056,88.012,40.0,4.29763891572524,97.1600036621094,4595229903890.14,0.71755576133728,,,2,0.1704911772005636,6,Lower‑middle performers,0.2526315705607663,54
CHN,24569.2865118726,17794783039552.0,77.953,1.66533914524613,150.42004812419,-0.103794531589067,5.24955786387791,1410710000.0,4.571,64.57,43.0,0.218128938439177,92.1500015258789,2095971833571.33,0.679014027118683,,,6,0.5083809199327519,5,Upper‑middle performers,1.7018248021662163,5
CIV,7197.690104362,78875489245.0538,61.944,0.886138694874967,95.5817672955975,2.50384681190665,6.199999999987,31165654.0,2.288,53.149,40.0,3.46637314660165,50.0006408691406,413788000000.0,-0.359512031078339,,,1,-0.3442086576567302,10,Low performers,-0.3166517093069648,156
CMR,5405.57465742866,49279410982.826,63.7,0.933338169286478,58.4560745488777,2.64245336134821,3.24834497823876,28372687.0,3.518,59.315,26.0,7.38281384280984,92.1500015258789,276941000000.0,-0.906262576580048,,,8,-0.3537054568307203,8,Lower‑middle performers,-0.3570442440900923,163
COD,1615.75070528392,66383287002.9867,61.895,1.16439690158003,45.1674943208134,3.25963514299902,8.56086250904089,105789731.0,4.556,47.444,40.0,3.3233806708656,80.5400009155273,1830154000000.0,-1.68906629085541,,,8,-0.3249147511990477,8,Lower‑middle performers,-0.3752897877571859,166
COG,6850.27770621093,15321055822.5167,65.772,2.00045624049447,17.6723396778917,2.41919038084212,1.90686426346754,6182885.0,19.694,69.188,23.0,4.30174563591016,80.6100006103516,172869000000.0,-1.33428740501404,,,3,-0.4750466080073005,7,Lower‑middle performers,-0.4688764741677594,184
COL,20784.4996427902,363493841244.303,77.725,2.87298318741673,46.6317656602073,1.12092864340999,0.610409565791542,52321152.0,9.608,82.354,39.0,6.60908593728228,92.1500015258789,46630500000000.0,-0.075877919793129,,,2,0.0583544027937734,6,Lower‑middle performers,0.0482367503575744,82
COM,3883.12647595233,1352380971.24055,66.777,1.56832126015003,448.247178936056,1.92327433672711,2.99567457175966,850387.0,3.875,30.132,21.0,3.3233806708656,61.7099990844727,49331897000.0,-1.53510224819183,,,1,-0.6070013587191211,10,Low performers,-0.6457268179746005,198
CPV,10308.6791674628,2533819406.4916,76.059,0.528231870181008,128.967990074442,0.497087597239901,5.47543591649173,522331.0,11.878,67.982,62.0,3.72437517668748,91.0,1346343000.0,0.0136766647920012,,,2,0.059365674359749,6,Lower‑middle performers,-0.0271005985828947,94
CRI,28075.1421722141,86497941439.0174,80.799,1.56832126015003,99.5253623188406,0.46646444898736,5.11192183224598,5105525.0,7.848,82.622,58.0,-0.41345934225229,98.0400009155273,0.0,0.260196477174759,,,2,0.3024574065491108,6,Lower‑middle performers,0.2691487502748254,52
CUB,19828.9248461199,44026363258.1748,78.085,1.56832126015003,106.549325626204,-0.361317873522215,-1.92899211214875,11019931.0,1.53,77.523,41.0,3.3233806708656,99.6731109619141,49331897000.0,-0.475527822971344,,,2,-0.0428841072172096,6,Lower‑middle performers,-0.0956135727559336,110
CUW,32059.7222328263,3281419347.37053,76.8,1.56832126015003,337.828828828829,-1.43292207278827,4.20199999999977,147862.0,5.166,89.023,40.0,3.3233806708656,92.1500015258789,49331897000.0,-0.0595627073198557,,,2,0.1088271615753085,6,Lower‑middle performers,0.081467515151071,75
CYM,86689.2088816425,7139428557.71423,80.358,1.56832126015003,298.295833333333,2.00104859136332,4.35967595700366,73038.0,5.166,100.0,40.0,3.3233806708656,92.1500015258789,49331897000.0,1.2372350692749,,,4,0.4781797021138547,4,Upper‑middle performers,0.7869873303358311,22
CYP,57213.8203125,33886930712.3394,81.648,1.82460300554278,144.087662337662,1.0167681770201,2.61190090914745,1344976.0,5.602,66.987,56.0,1.80023018624815,99.3600006103516,524700000.0,0.73773992061615,,,4,0.3228462454044054,4,Upper‑middle performers,0.3745050797606931,45
CZE,53217.4217427742,343207874553.734,79.8780487804878,1.52418962408317,138.290511305111,1.78238907045946,-0.085330275927376,10864042.0,2.506,74.552,56.0,2.43531202435314,92.1500015258789,112127500000.0,1.1140114068985,,,4,0.3021752858382737,4,Upper‑middle performers,0.4318817686104431,42
DEU,69205.8830713936,4525703903627.53,80.5414634146342,1.51965192096975,239.861418021525,-0.620053754616789,-0.266438410090913,83280000.0,3.406,77.765,75.0,2.2564981433876,92.1500015258789,61855000000.0,1.18541669845581,,,4,0.4472762402927059,4,Upper‑middle performers,0.7006153492518578,25
DJI,7103.6910898466,4098530513.55777,65.987,1.56832126015003,49.0550474547023,1.38410272350128,6.67664964361434,1152944.0,25.875,78.552,31.0,1.49506816515088,92.1500015258789,49331897000.0,-0.731475412845612,,,3,-0.2683123933038751,7,Lower‑middle performers,-0.300495698340019,154
DMA,19333.7646058722,653992592.592593,71.132,1.56832126015003,89.1013333333333,-0.473991407609536,4.71223818531963,66510.0,5.166,72.006,60.0,4.22769324983409,92.1500015258789,49331897000.0,0.260825008153915,,,2,0.1017709253441771,6,Lower‑middle performers,-0.0449345518756608,97
DNK,73737.4475447105,407091920305.404,81.8536585365854,1.95319596405831,147.575925,0.741185515720057,2.49518433148894,5946952.0,5.587,88.495,90.0,1.37220049768918,92.1500015258789,56169000000.0,2.01564884185791,,,4,0.7251799759293904,4,Upper‑middle performers,0.8008790569157358,20
DOM,25624.0097724218,121444279313.931,73.72,0.740729436807107,233.012351959686,0.891159203732232,2.36061568723294,11331265.0,5.473,84.446,36.0,3.30223338951227,95.5,49910900000.0,0.12803441286087,,,2,0.0112300716848568,6,Lower‑middle performers,0.0887681577999052,72
DZA,16824.4879032987,247626161016.414,76.261,8.1717205566288,19.0941790060296,1.49897601193923,4.10000000000004,46164219.0,11.427,75.268,34.0,4.04611455313434,92.1500015258789,2486000000000.0,-0.670135140419006,,,2,0.2132343670088546,6,Lower‑middle performers,-0.0867814795283824,109
ECU,16062.0163648341,118844826000.0,77.392,2.29706957855181,71.7663754227734,0.872456027022398,2.35521790742197,17980083.0,4.773,64.792,32.0,1.54732515615369,94.0,2726300000.0,-0.494244992733002,,,2,-0.0595946586754861,6,Lower‑middle performers,-0.1104355982907281,114
EGY,18524.5572197031,396002496996.96,71.633,0.870565509711049,113.13300517354,1.68834126904494,3.75870055176806,114535772.0,7.198,43.1,30.0,33.8847763115546,74.5,96998450000.0,-0.239516973495483,,,8,-0.3189738614168819,8,Lower‑middle performers,-0.2818103404973683,149
ERI,19828.9248461199,44026363258.1748,68.624,1.56832126015003,28.1677432992466,1.77168715176453,2.94478583082221,3470390.0,5.553,43.267,13.0,3.3233806708656,92.1500015258789,49331897000.0,-1.79375612735748,,,8,-0.4953689066607125,8,Lower‑middle performers,-0.5034913964743102,189
ESP,53229.9220217947,1620090734956.89,83.8829268292683,1.50901228462186,95.5729827216798,1.22528044685694,2.67566349258229,48347910.0,11.394,81.552,56.0,2.77417826534772,92.1500015258789,21936010000.0,0.752065539360046,,,4,0.3447267493009389,4,Upper‑middle performers,0.5375943068437703,37
EST,46790.2700170266,41291245222.1948,78.490243902439,2.86665387374435,31.5665808565411,1.57745133607335,-3.02303584066192,1370286.0,7.828,69.81,76.0,3.52056053296586,99.870002746582,1101000000.0,1.2634699344635,,,4,0.3547494041226951,4,Upper‑middle performers,0.301880056453658,51
ETH,3058.12804387633,163697927593.982,67.315,0.788322879616043,111.100003951899,2.6036241976442,6.49813464238613,128691692.0,3.398,23.157,37.0,30.2188278135278,92.1500015258789,67000000000.0,-0.768662095069885,,,8,-0.3321237164335708,8,Lower‑middle performers,-0.4328076440588659,177
FIN,61734.459805757,295532341254.907,81.6853658536585,2.42148617618712,18.2798093224591,0.499192375381062,-1.16396281522198,5583911.0,8.26,85.773,88.0,1.56568906231616,92.1500015258789,6801368000.0,1.73860657215118,,,4,0.5710081573129543,4,Upper‑middle performers,0.5824851329645954,33
FJI,15152.1376449166,5442046565.04719,67.316,1.31648157529348,50.3241379310345,0.51237740019889,7.52429088237292,924145.0,4.307,58.713,55.0,2.14817440623896,92.1500015258789,161730333.333333,0.490778684616089,,,2,0.0579676481015329,6,Lower‑middle performers,-0.0792132211126779,106
FRA,58317.828030698,3051831611384.76,82.9292682926829,2.05638673841337,124.306720578862,0.326319200823468,0.936487502671483,68287487.0,7.37,81.777,67.0,1.99904942291463,92.1500015258789,56740720000.0,1.14462625980377,,,4,0.4502500449619979,4,Upper‑middle performers,0.6428498844249338,30
FRO,78103.483399586,3907323961.33964,83.1439024390244,1.56832126015003,39.3810218978102,0.977560950757493,2.4890581166362,54482.0,5.166,42.987,40.0,3.3233806708656,92.1500015258789,49331897000.0,-0.0595627073198557,,,2,0.0767149394036628,6,Lower‑middle performers,0.2097116062287122,58
FSM,4313.62760101578,460000000.0,67.198,1.56832126015003,160.162857142857,0.459189928699194,0.784313725490193,112630.0,5.166,23.379,40.0,5.40874375479067,92.1500015258789,49331897000.0,0.232347309589386,,,8,-0.3462030768994018,8,Lower‑middle performers,-0.5290322904844946,192
GAB,20757.0723768678,19388402541.6698,68.337,1.15321981179163,9.43356618931191,2.19891289669511,2.44588083119469,2484789.0,20.061,91.029,27.0,1.17311998381218,85.6900024414062,160975000000.0,-0.779809296131134,,,3,-0.2663987373516516,7,Lower‑middle performers,-0.1459639128799803,123
GBR,58225.131161573,3380854520809.54,81.2380975609756,2.26487905161201,280.209151407432,0.821212039762055,0.339966158003463,68350000.0,4.111,84.642,71.0,3.2715729463592,92.1500015258789,60383547375.0,1.16114270687103,,,4,0.4965826917264184,4,Upper‑middle performers,0.6969461321448124,26
GEO,25071.9677147202,30777833585.4441,74.496,1.68114376621765,64.9515728331992,0.0802640328443946,7.8322012152783,3715483.0,11.48,60.727,53.0,1.10971758022096,100.0,1321080000.0,0.791285872459412,,,2,0.1871060917020488,6,Lower‑middle performers,0.0794633297630324,76
GHA,7543.02674728777,76370396722.154,65.498,0.389157461523268,145.689425270181,1.90860289687983,2.94478583082221,33787914.0,3.007,59.238,42.0,22.8483281157842,92.1500015258789,3327940000.0,-0.092661589384079,,,8,-0.2174179367292269,8,Lower‑middle performers,-0.2633519332759129,144
GIB,19828.9248461199,44026363258.1748,83.553,1.56832126015003,92.8018379896001,2.26613272520816,2.94478583082221,38471.0,5.166,100.0,40.0,3.3233806708656,92.1500015258789,49331897000.0,-0.0595627073198557,,,2,0.2400633356102169,6,Lower‑middle performers,0.3338986764604548,47
GIN,4383.15219659423,22199409741.2578,60.74,2.12575054080202,57.1998087253785,2.46199049961035,6.74493444630886,14405468.0,5.23,38.085,28.0,8.12313914948596,45.3300018310547,4356060000000.0,-0.907938599586487,,,1,-0.5254459071779783,10,Low performers,-0.5795725525273476,194
GMB,3254.37457704257,2396111021.64149,65.86,0.584305835814994,260.520750988142,2.30124049704572,4.79750895186164,2697845.0,6.496,64.472,38.0,16.9742129632327,58.6699981689453,852351000.0,-0.590593457221985,,,1,-0.348824088978066,10,Low performers,-0.3323712434987529,159
GNB,2862.07122513845,2048348108.35852,64.085,1.45545277154688,74.8765647226174,2.24529187264064,5.19926829741253,2153339.0,2.622,45.466,21.0,9.39383877456591,53.9000015258789,15341600000.0,-1.43258428573608,,,1,-0.5657561016074858,10,Low performers,-0.5846311754197826,195
GNQ,17411.5002343839,12337550583.754,63.707,1.59021698232115,64.297504456328,2.41057232825781,-5.08930872071532,1847549.0,7.823,74.448,13.0,4.78671704710803,92.1500015258789,98381000000.0,-1.32034909725189,,,8,-0.5562452206084038,8,Lower‑middle performers,-0.4719138527859444,185
GRC,41181.9912164326,243498333237.802,81.5365853658537,3.23440755796675,80.968828549263,-0.300290930163656,2.3321238825698,10405588.0,10.133,80.673,49.0,2.74149045788606,92.1500015258789,7154700000.0,0.148003026843071,,,2,0.2309271875325761,6,Lower‑middle performers,0.1817237106205465,62
GRD,18807.9447446443,1316733333.33333,75.205,1.56832126015003,343.861764705882,0.143593450145476,3.56612861773655,117081.0,5.166,37.059,56.0,2.69612269814564,92.1500015258789,49331897000.0,-0.0060560517013073,,,2,-0.0391013413747698,6,Lower‑middle performers,-0.1963982587637432,129
GRL,19828.9248461199,44026363258.1748,71.549756097561,1.56832126015003,0.138046047021562,0.359389425458904,2.94478583082221,56865.0,5.166,87.94,40.0,3.3233806708656,92.1500015258789,49331897000.0,0.763896942138672,,,2,0.0861633730088112,6,Lower‑middle performers,0.0762298786161455,77
GTM,13750.28790648,104450210572.012,72.602,0.411176407815766,166.553536767451,1.53986971917384,3.52679214166824,18124838.0,2.219,53.098,25.0,2.86919482222022,83.0311737060547,3307100000.0,-0.897167265415192,,,8,-0.3101729642221321,8,Lower‑middle performers,-0.2580953149045583,141
GUM,19828.9248461199,44026363258.1748,77.209,1.56832126015003,305.888888888889,0.799555642468131,2.94478583082221,166506.0,5.586,95.166,40.0,3.3233806708656,92.1500015258789,49331897000.0,0.654167771339417,,,2,0.1914993143686454,6,Lower‑middle performers,0.2299561679970138,56
GUY,54732.1440663013,17159509565.4676,70.18,0.586516734323403,4.17392430784862,0.57233513230005,33.8026170921817,826353.0,10.165,27.162,39.0,2.90395226446373,90.0299987792969,20228300000.0,-0.294486999511719,,,0,0.3345266793700343,3,Upper‑middle performers,0.256636793357219,53
HKG,71548.9642046156,380812234827.832,85.2473170731707,1.56832126015003,92.8018379896001,2.55352466697343,3.27652625631858,7536100.0,2.793,100.0,74.0,1.72972119105914,92.1500015258789,49331897000.0,1.55483567714691,,,4,0.7243769496838194,4,Upper‑middle performers,0.9340503564545604,9
HND,7178.80729487996,34400509852.0436,72.884,1.56610457514466,93.5192778621861,1.71477388415816,3.58260362632656,10644851.0,6.061,60.212,22.0,4.60621098127107,92.1500015258789,13312900000.0,-0.795222759246826,,,8,-0.2436188292932938,8,Lower‑middle performers,-0.2631612905590031,143
HRV,45602.960114716,84393795502.4421,78.4731707317073,1.77989219884811,68.8999463902788,0.104856226330186,3.30254488086325,3859686.0,5.236,58.575,47.0,7.9412817758683,99.4499969482422,1332000000.0,0.712653696537018,,,2,0.1666284099021819,6,Lower‑middle performers,0.1448783362593602,66
HTI,3281.21232071513,19850829757.5418,64.936,0.0540928489525686,417.402249637155,1.15633263604117,-1.86388420254838,11637398.0,15.058,59.656,16.0,36.8135162780854,92.1500015258789,1662302500.0,-2.22533392906189,,,3,-0.7866682104604634,7,Lower‑middle performers,-0.8075532057030422,212
HUN,45021.3009970981,212388906458.724,76.7707317073171,2.12784318809435,105.680221345606,-0.542624252156938,-0.907685956140242,9592186.0,4.434,72.864,41.0,3.70370370370369,99.0999984741211,1538908000000.0,0.372758895158768,,,2,0.0686303911141333,6,Lower‑middle performers,0.0710896167465774,79
IDN,15415.6057934697,1371171152331.16,71.146,0.677541069885981,147.330175215419,0.842666137328498,5.04810577067288,281190067.0,3.3,58.572,37.0,3.67013142377007,92.1500015258789,144267000000000.0,0.58032637834549,,,2,0.0160594633236215,6,Lower‑middle performers,0.1561455777384462,65
IMN,19828.9248461199,44026363258.1748,80.999,1.56832126015003,147.6,0.0392163858214135,2.94478583082221,84165.0,5.166,53.482,40.0,3.3233806708656,92.1500015258789,49331897000.0,-0.0595627073198557,,,2,-0.015463472668599,6,Lower‑middle performers,-0.0823059024591829,107
IND,10166.2434105835,3567551674623.01,72.003,2.44305076476938,479.425536881262,0.883289539766135,8.1529363109041,1438069596.0,4.202,36.364,38.0,4.95303550973656,77.0,6900585000000.0,0.47511014342308,,,6,0.2716089447351153,5,Upper‑middle performers,0.8039104844782252,19
IRL,124900.938635241,551394889339.778,82.8609756097561,0.216857882649718,74.9847583103498,2.70991347020317,-5.53000736095537,5307600.0,4.369,64.466,77.0,2.11344999577317,92.1500015258789,1174770000.0,1.59114551544189,,,4,0.4224408405452984,4,Upper‑middle performers,0.8367930045232757,16
IRN,17659.8739291119,404625655204.619,77.654,2.06140369835077,55.1767309707242,1.20408185634218,5.04489051061807,90608707.0,9.192,77.257,40.0,44.5791857572797,88.9599990844727,2930679054500000.0,-1.02239692211151,,,2,-0.0421082977854619,6,Lower‑middle performers,-0.1105258298437829,115
IRQ,14107.2979268389,250842782139.464,72.324,2.07316277530662,101.515108447278,2.25148890849618,-2.93555773971221,45074049.0,15.524,71.599,26.0,4.35835351089586,92.1500015258789,6957075000000.0,-1.38960635662079,,,3,-0.3801035273277067,7,Lower‑middle performers,-0.3311347883253935,157
ISL,76356.8105649868,31325116556.3807,82.6073170731707,1.56832126015003,3.78858474660319,2.92687965279829,5.03717943960838,393349.0,3.107,94.042,77.0,5.85683849970066,92.1500015258789,0.0,1.55512094497681,,,4,0.7218685092150267,4,Upper‑middle performers,0.8995700132892789,10
ISR,54057.0484059067,513611100815.691,83.1951219512195,5.31741153367738,92.8018379896001,2.06177924891639,2.42300691049012,9756600.0,3.15,92.854,64.0,3.07052614744924,92.1500015258789,101428320000.0,1.1453697681427,,,4,0.6761086034595986,4,Upper‑middle performers,0.6406283456327788,31
ITA,57801.3662624471,2300941152991.81,83.7,1.60578289334057,199.559268903016,-0.0342216578672275,0.69763299419678,58993475.0,6.778,71.973,54.0,0.982373023061417,92.1500015258789,32885714000.0,0.611036896705627,,,4,0.2712087633945305,4,Upper‑middle performers,0.4581074976383623,39
JAM,11421.7535570054,19423355409.2316,71.479,1.22435313075752,262.155493998153,0.0226098931571573,2.20006147154612,2839786.0,4.885,57.378,44.0,5.41194447981659,92.1500015258789,35512050000.0,0.407290458679199,,,2,-0.0910099850032762,6,Lower‑middle performers,-0.1885296210332302,128
JOR,10391.0136135688,50967475352.1127,77.814,4.90537849518021,126.768283893056,1.61225050235636,2.67827153754409,11439213.0,17.996,92.02,49.0,2.08486986327134,95.0,1739669763.16213,0.386213511228561,,,3,0.2695621917217936,7,Lower‑middle performers,0.1147646256127337,71
JPN,49793.9358226161,4204494802431.55,84.0412195121951,1.19606991540042,343.278433470508,-0.487370782049143,1.67901952310368,124516650.0,2.563,92.043,71.0,2.73853681635241,92.1500015258789,7033637500000.0,1.63126504421234,,,4,0.5774189015146884,4,Upper‑middle performers,0.8395499305574757,15
KAZ,38515.1836009977,262641892078.524,74.402,0.480059037069259,7.42105011667963,1.46415151694869,5.09999999973641,20330104.0,4.794,58.179,40.0,4.85655589318192,92.1500015258789,564260000000.0,0.146814674139023,,,2,-0.0015616287553916,6,Lower‑middle performers,0.0880304266656509,73
KEN,6307.23249419297,108038588970.595,63.646,0.905816835053688,95.3235776786028,1.98296028478422,5.55587301319866,55339003.0,5.434,29.52,32.0,4.48978854243448,82.879997253418,138575500000.0,-0.303605198860168,,,8,-0.3830372179709233,8,Lower‑middle performers,-0.435229010721114,179
KGZ,7106.49114289303,13987627908.8381,72.2487804878049,3.6219080711344,36.3671506777894,1.76957754134087,6.15139183716032,7099750.0,3.289,37.801,25.0,10.7532770416742,92.1500015258789,40764933333.3333,-0.890727877616882,,,8,-0.1872630077031303,8,Lower‑middle performers,-0.387298271024553,168
KHM,7425.51179063119,42335646895.7984,70.668,2.08968280637576,97.4491502379334,1.28320677599476,4.96006658918908,17423880.0,0.27,25.57,21.0,2.12746796594194,83.7799987792969,2745575000000.0,-0.305874288082123,,,8,-0.3142671916885779,8,Lower‑middle performers,-0.4175103759307668,174
KIR,3546.91818832629,279208903.337644,66.473,1.56832126015003,161.072839506173,1.56733842415292,4.12459054312031,132530.0,5.166,57.762,40.0,9.28307374517721,92.1500015258789,49331897000.0,-0.096573106944561,,,8,-0.1654457060688952,8,Lower‑middle performers,-0.2810222884070075,148
KNA,33749.700420686,1055499777.77778,72.145,1.56832126015003,179.65,0.104849849656036,2.2849480914594,46758.0,5.166,31.096,40.0,3.55711230848243,92.1500015258789,49331897000.0,0.380410820245743,,,2,-0.158975279611284,6,Lower‑middle performers,-0.2333771159301789,135
KOR,52203.9685660494,1712792854202.37,83.4292682926829,2.81204562667304,529.43205942623,0.077477253324535,1.35673324311098,51712619.0,2.604,81.456,40.0,2.32174328643542,92.1500015258789,62628200000000.0,1.40480732917786,,,4,0.3962319068684445,4,Upper‑middle performers,0.5536629453255385,35
KWT,51561.3638127917,163704878875.85,83.1878048780488,4.89572861288627,257.555723905724,5.58813678140227,-3.64042590261035,4853420.0,2.144,100.0,46.0,2.89855072463762,92.1500015258789,2383408250.0,0.0075402706861496,,,4,0.4243922132699791,4,Upper‑middle performers,0.5774506403176248,34
LAO,9291.78859001131,15843155731.2552,68.964,1.56832126015003,32.7513301559792,1.39237667233214,3.74568140158232,7664993.0,1.218,38.247,40.0,23.1305695942588,87.5199966430664,49331897000.0,-0.6432785987854,,,8,-0.2774357563133507,8,Lower‑middle performers,-0.4367583481507087,180
LBN,19828.9248461199,44026363258.1748,77.817,8.91317581679359,561.533626588465,0.503630953855672,2.94478583082221,5773493.0,5.166,89.432,22.0,221.341644023365,92.1500015258789,20838300000000.0,-1.58038187026978,,,10,-0.0829764028044886,11,Lowest‑performing cluster,-0.7908599799846726,209
LBR,1794.53340863361,4240000000.0,62.163,2.29838717994242,55.7858596345515,2.20390696065654,4.68375688761311,5493031.0,2.882,53.567,27.0,10.0944535665552,92.1500015258789,37153000.0,-1.35536432266235,,,8,-0.3635550124825055,8,Lower‑middle performers,-0.5073443742035366,190
LBY,13848.7950025505,45096462972.4014,69.339,1.56832126015003,4.10550768950976,1.12674309223491,10.1558181770326,7305659.0,18.615,81.606,13.0,2.12615766885025,92.1500015258789,49331897000.0,-1.63588905334473,,,3,-0.2735406533169559,7,Lower‑middle performers,-0.2592399626726671,142
LCA,25974.1960274448,2430148148.14815,72.697,1.56832126015003,293.083606557377,0.281512532799571,2.21007265992306,179285.0,10.928,19.172,59.0,4.07060821926204,92.1500015258789,49331897000.0,0.0738346204161644,,,2,-0.1716763255358785,6,Lower‑middle performers,-0.3391956474233226,161
LIE,19828.9248461199,44026363258.1748,84.8414634146342,1.56832126015003,246.83125,0.899896422348841,2.94478583082221,39850.0,5.166,14.617,40.0,3.3233806708656,92.1500015258789,49331897000.0,1.62781953811646,,,2,0.0503500809099826,6,Lower‑middle performers,-0.0140921328039822,93
LKA,14460.7414188157,84356863743.6335,77.483,1.64003079587098,358.567733591982,-0.651320770103285,-2.29801056186895,22037000.0,4.996,19.211,32.0,-0.42936004906973,92.0,380981000000.0,-0.25227889418602,,,2,-0.3660296827756995,6,Lower‑middle performers,-0.4824663073662265,186
LSO,2880.96631005117,2117962450.79469,57.375,1.53626292759206,75.3000658761528,1.10328678263994,1.82662525852363,2311472.0,16.147,30.415,37.0,6.10544624245032,82.0100021362305,626034375.0,-0.953606307506561,,,3,-0.6466651985585792,7,Lower‑middle performers,-0.8104310666023621,213
LTU,50914.8638146666,79789877416.1681,76.9878048780488,2.71567834515769,45.2309596830873,1.40084461829591,0.34226255222913,2871585.0,7.504,68.694,40.0,0.715735835228723,99.8300018310547,2000000000.0,1.05012118816376,,,2,0.1886681830318486,6,Lower‑middle performers,0.2463357492181654,55
LUX,139466.401466696,85755006123.5976,83.3585365853659,0.7490545294635,253.685433061691,2.02002574712319,-1.09572361576994,666430.0,5.935,92.078,81.0,2.05113269954859,92.1500015258789,613206000.0,1.91421329975128,,,4,0.7158891343160582,4,Upper‑middle performers,1.1385319569366092,6
LVA,41491.5106686408,42247850064.5125,75.6780487804878,2.26754267524368,30.2005945685361,-0.103172153311714,1.70679524969924,1877445.0,6.72,68.671,59.0,1.26579885828729,99.8899993896484,967519000.0,0.696560978889465,,,2,0.2129104984872639,6,Lower‑middle performers,0.135420059657562,67
MAC,116491.070017441,45803067940.4072,83.1804878048781,1.56832126015003,92.8018379896001,0.221222713921319,75.0613769262435,678800.0,2.437,100.0,40.0,0.476384495788075,97.1100006103516,49331897000.0,1.08997046947479,,,0,1.9969787845373723,3,Upper‑middle performers,2.0633652729114944,1
MAF,19828.9248461199,44026363258.1748,80.224,1.56832126015003,577.4,-4.80716831631216,2.94478583082221,27515.0,5.166,64.469,40.0,3.3233806708656,92.1500015258789,49331897000.0,-0.0595627073198557,,,2,-0.0443356121952097,6,Lower‑middle performers,-0.2436999635139077,139
MAR,9842.888671875,144417103249.646,75.313,3.63868518644989,83.6411920233027,1.02195181223548,3.40334130078834,37712505.0,8.943,65.121,37.0,0.985256592004507,77.3499984741211,52573100000.0,-0.0359151102602482,,,2,-0.0226843608395095,6,Lower‑middle performers,-0.1256523006376793,118
MCO,19828.9248461199,9995350547.12166,86.372,1.56832126015003,18680.9021113244,0.064195567574974,5.04338259195359,38956.0,5.166,100.0,40.0,3.3233806708656,92.1500015258789,49331897000.0,2.02295255661011,,,5,1.2413161517557425,2,High performers,1.760646029351804,4
MDA,17596.8834167667,16539436547.295,71.198,0.546678815870651,88.0236014898876,-2.84274212689094,0.78324270969388,2457783.0,1.434,43.373,43.0,4.67773516007048,99.5999984741211,1697200000.0,-0.164951995015144,,,2,-0.2636341551296225,6,Lower‑middle performers,-0.4509196508570801,182
MDG,1823.81732941305,15790113246.7478,63.632,0.662961133220886,52.3156772086628,2.46201530433165,3.80000000009488,31195932.0,3.012,40.556,26.0,9.87432675044888,77.4800033569336,453500000000.0,-1.02277612686157,,,8,-0.5020477574849272,8,Lower‑middle performers,-0.5243428602527342,191
MDV,24735.0754169658,6590894301.9579,81.041,1.56832126015003,1747.02,0.359585188904548,4.72639189000989,525994.0,4.636,41.971,38.0,1.39979779674928,97.8600006103516,49331897000.0,-0.127973482012749,,,2,0.063163713725944,6,Lower‑middle performers,0.031075311806776,85
MEX,24789.6755981683,1789114434843.46,75.069,0.656934513100098,66.1607124668844,0.872178517508623,3.19998116598492,129739759.0,2.711,81.582,26.0,4.72225588452932,92.1500015258789,210365200000.0,-0.198361441493034,,,2,-0.0287046893749651,6,Lower‑middle performers,0.1782721756066705,63
MHL,7532.17477307826,259300000.0,66.945,1.56832126015003,222.65,-3.16867227675357,-3.93487109905021,38827.0,5.166,78.868,40.0,3.3233806708656,92.1500015258789,49331897000.0,0.069975346326828,,,2,-0.2854683989299433,6,Lower‑middle performers,-0.4610545829406982,183
MKD,24390.4873543927,15763621848.115,75.3160975609756,1.69895545621264,72.6293417922284,-0.212923714310977,2.07274977880975,1827816.0,13.417,59.479,40.0,3.48974086026947,92.1500015258789,15200000000.0,-0.0513173453509808,,,2,-0.123912496919207,6,Lower‑middle performers,-0.1850267289054994,127
MLI,2657.71298407985,20661794596.0873,60.439,3.82768546750975,18.9090551471492,2.97400537620334,4.65677599093294,23769127.0,3.06,46.189,27.0,3.20639864099652,92.1500015258789,476318000000.0,-1.13859808444977,,,8,-0.3051122690760971,8,Lower‑middle performers,-0.4916782684432879,187
MLT,63419.8236994542,22328640241.5553,83.5073170731707,0.558644018130875,1660.971875,3.91764986035828,7.49851245937869,552747.0,2.703,94.941,46.0,5.09396758978883,94.9400024414062,104257000.0,0.397335052490234,,,4,0.5403230939746072,4,Upper‑middle performers,0.8670350241403875,13
MMR,5953.35735165887,66757619000.0,66.889,3.7885823650653,82.3644215300228,0.698879396261223,0.958446625192025,54133798.0,3.032,32.112,16.0,3.3233806708656,92.1500015258789,5235000000000.0,-1.75280201435089,,,8,-0.5016982854104653,8,Lower‑middle performers,-0.7071477568609453,203
MNE,30966.673744191,7530593375.22034,77.5878048780488,1.63424966016394,45.8894423791822,-0.167992320943883,6.33769754243548,616177.0,14.1,68.502,46.0,3.33675009282281,98.9800033569336,106000000.0,0.247063115239143,,,2,0.1164026742275223,6,Lower‑middle performers,0.0596590396786242,81
MNG,18004.8512058355,20325121393.9074,72.1224390243902,0.60144199287179,2.20464400171549,1.3708886685104,7.4221127615025,3481145.0,5.424,69.089,33.0,6.80284899332961,92.1500015258789,387788500000.0,-0.47153577208519,,,2,-0.0789992151466058,6,Lower‑middle performers,-0.0672491229966113,100
MNP,19828.9248461199,44026363258.1748,78.808,1.56832126015003,100.169565217391,-2.05003835843766,2.94478583082221,45143.0,5.166,92.076,40.0,3.3233806708656,92.1500015258789,49331897000.0,-0.0595627073198557,,,2,0.0775222702231507,6,Lower‑middle performers,0.0022491359035969,87
MOZ,1677.68102292349,20954220983.5473,63.611,1.73193242255364,41.5273099519316,2.95358093047219,5.43685912188634,33635160.0,3.527,38.753,25.0,7.12697482131851,92.1500015258789,24024666666.6667,-0.716628909111023,,,8,-0.3483308906139712,8,Lower‑middle performers,-0.4304802507285609,176
MRT,6946.19393340541,10651709411.4594,68.484,2.54863177213623,4.73041331134181,2.96653079197429,6.50718719858594,5022441.0,10.373,57.699,30.0,4.95305034506872,66.9599990844727,10069000000.0,-0.763598620891571,,,1,-0.2590344093822971,10,Low performers,-0.2916052437507247,151
MUS,29511.2274099553,14644524819.0054,73.4121951219512,0.152776819903266,632.209814722083,-0.117452949112512,6.95828740328457,1261041.0,5.476,40.867,40.0,4.10263226568006,92.1500015258789,1019000000.0,0.710137605667114,,,2,-0.0329735749995779,6,Lower‑middle performers,-0.0375402958410503,95
MWI,1829.50768925379,12712150082.0792,67.353,1.01087787932399,218.166397963513,2.57135708610945,1.89245798756383,21104482.0,5.045,18.28,40.0,32.1796504225025,68.0800018310547,146989750000.0,-0.859506547451019,,,8,-0.5467433924777059,8,Lower‑middle performers,-0.664221958503437,200
MYS,36416.5401853099,399705169318.477,76.657,0.929671716200106,105.601865773855,1.23402869169549,3.55548715410509,35126298.0,3.826,78.716,50.0,1.834100204499,96.0,17746200000.0,0.875369668006897,,,2,0.2433347571689489,6,Lower‑middle performers,0.3364280185249442,46
NAM,11215.5468409261,12351025066.9131,67.385,2.73954354378882,3.50989566252475,2.50947899094054,4.159985754998,2963095.0,19.148,54.886,49.0,4.23903922877036,92.25,6236475000.0,0.0308966562151909,,,3,-0.1137719908669888,7,Lower‑middle performers,-0.2377580586187263,137
NCL,19828.9248461199,44026363258.1748,78.766,1.56832126015003,15.7069474835886,0.952185123510063,2.94478583082221,289870.0,11.15,72.719,40.0,3.3233806708656,92.1500015258789,49331897000.0,-0.0595627073198557,,,2,0.0069547574463066,6,Lower‑middle performers,0.0021044042071278,88
NER,1890.50518592089,16819170420.5653,61.183,2.07013590428489,19.9826107207705,3.29489175812772,2.49999999999999,26159867.0,0.355,17.054,34.0,9.07151997725013,38.0999984741211,201331000000.0,-0.640915930271149,,,1,-0.6210828042385413,10,Low performers,-0.6767391647209964,202
NGA,6207.42137845063,363846332834.618,54.462,0.807331105535844,245.013445765671,2.09838916935738,2.86021499108364,227882945.0,2.989,54.283,26.0,24.6595502031139,63.1555404663086,1975400000000.0,-0.847906708717346,,,1,-0.5691955023617692,10,Low performers,-0.4984441782682046,188
NIC,8309.3399128364,17829218219.3591,74.947,0.545988464666081,55.9303141100216,1.37167812196347,4.56922317096145,6823613.0,4.574,59.849,14.0,4.62473841057141,92.1500015258789,3450000000.0,-1.08494555950165,,,8,-0.3107166413462147,8,Lower‑middle performers,-0.2713250932360903,145
NLD,78305.2888358968,1154361305398.06,81.9146341463415,1.53256247074407,525.719691119691,0.990139686700227,0.0745607216494903,17877117.0,3.599,93.179,78.0,3.34754304219953,92.1500015258789,15388000000.0,1.62553191184998,,,4,0.6191503169716581,4,Upper‑middle performers,0.8250187060433184,17
NOR,100928.354559088,485310823603.662,83.1121951219512,1.60728115834895,14.9809948664452,1.13818460655469,0.479647246011822,5519594.0,3.97,83.995,81.0,3.14530134431073,92.1500015258789,91586000000.0,1.79993534088135,,,4,0.6564038819282353,4,Upper‑middle performers,0.8703039569080654,12
NPL,5393.62090216188,40908073366.8455,70.354,1.07668555382218,207.292891524241,-0.0700958873206174,1.95254463264347,29694614.0,10.706,21.903,34.0,7.11475951738199,71.1500015258789,55285000000.0,-0.807803750038147,,,8,-0.5504261783196315,8,Lower‑middle performers,-0.6645387867673791,201
NRU,13831.8119737926,154170289.321861,62.109,1.56832126015003,590.05,0.625107627709329,0.590699675931191,11875.0,5.166,100.0,40.0,3.3233806708656,92.1500015258789,49331897000.0,-0.0678080692887306,,,2,-0.0882893680943865,6,Lower‑middle performers,-0.1046447648473969,113
NZL,53440.1310147173,252175506110.168,83.0048780487805,1.21763772932874,19.4341270745509,2.04836808947608,0.733302171674978,5223100.0,4.869,86.985,83.0,2.92279782301957,92.1500015258789,4941611500.0,1.5299768447876,,,4,0.5635427675670127,4,Upper‑middle performers,0.6619483174028341,27
OMN,42519.7049918962,108810923276.983,80.031,5.40426635123803,15.2834442649435,6.52704988451128,1.3104401130721,5049269.0,3.161,88.4,55.0,0.950782997762827,97.0,2250000000.0,0.274613231420517,,,4,0.5375684196187475,4,Upper‑middle performers,0.5842636689910871,32
PAK,6036.65076923802,337912301397.727,67.649,2.80148810180165,316.133077781237,1.54880458608849,-0.0396925228069165,247504495.0,5.472,38.04,27.0,12.6325318530452,92.1500015258789,2383496000000.0,-0.577790379524231,,,8,-0.3211172283665774,8,Lower‑middle performers,-0.37200180440956,165
PAN,39803.3189532895,83318176900.0,79.594,1.56832126015003,59.3255998921542,1.30902688797168,7.39930155626219,4458759.0,6.518,69.512,33.0,0.685197879812108,92.1500015258789,0.0,-0.209720730781555,,,2,0.1212758888270273,6,Lower‑middle performers,0.1932019526610279,60
PER,16974.2420029886,267603248655.253,77.74,1.12118291334721,26.1526859375,1.09975320783678,-0.55018230632048,33845617.0,4.828,78.922,31.0,2.00770739412712,92.1500015258789,11229568446.2389,-0.491872787475586,,,2,-0.1123281289720437,6,Lower‑middle performers,-0.0406156626495928,96
PHL,10988.6300412045,437146372729.942,69.833,1.24949555025566,382.21262367106,0.810000998681961,5.54585117087767,114891199.0,2.153,48.287,33.0,3.21260487006347,92.1500015258789,303255500000.0,0.154091909527779,,,8,-0.0990939744801602,8,Lower‑middle performers,-0.1149469464593259,117
PLW,17531.6984188274,281849062.5,69.269,1.56832126015003,38.6065217391304,-0.180352864081089,1.87706979817723,17727.0,5.166,82.408,40.0,2.23172772921704,92.1500015258789,49331897000.0,0.442303985357285,,,2,-0.0266204332114452,6,Lower‑middle performers,-0.0778249508857567,105
PNG,4632.97979376141,30729242919.4411,66.134,0.313337015687892,22.5305149494325,1.81103162496893,3.03570475499642,10389635.0,2.741,13.723,31.0,0.602403921107917,92.1500015258789,348480000.0,-0.802389979362488,,,8,-0.5104600236748552,8,Lower‑middle performers,-0.5963977605831483,196
POL,46570.4702655552,809200697797.088,78.5073170731707,3.83272853898223,120.297131562612,-0.365658526875775,0.138832754787188,36687353.0,2.472,60.218,53.0,3.7842600751287,99.8000030517578,133634000000.0,0.421437799930573,,,2,0.2317265098634582,6,Lower‑middle performers,0.13298238546411,69
PRI,47717.5129705699,117902300000.0,81.69,1.56832126015003,363.034160090192,-0.448878435008411,0.563519426800866,3205691.0,5.472,93.634,40.0,3.3233806708656,92.4000015258789,49331897000.0,-0.389062345027924,,,2,0.1281932232035937,6,Lower‑middle performers,0.2184017313492395,57
PRK,19828.9248461199,44026363258.1748,73.642,1.56832126015003,218.659953492235,0.338821174570736,2.94478583082221,26418204.0,2.859,63.203,40.0,3.3233806708656,92.1500015258789,49331897000.0,-1.48409974575043,,,2,-0.1707429046565233,6,Lower‑middle performers,-0.2462094841790775,140
PRT,47331.0982975007,289114289663.542,82.2804878048781,1.51929712406409,113.904957775507,1.36912985956796,2.52628110806764,10578174.0,6.384,67.906,57.0,2.41613187791884,96.7799987792969,3909000000.0,0.987550020217896,,,4,0.3231525395040496,4,Upper‑middle performers,0.393138848199738,44
PRY,17516.798469519,42956263543.9482,73.844,0.906254792632729,17.0713596633508,1.23021616038983,4.71412407945468,6844146.0,6.093,63.149,24.0,3.83540271728533,92.1500015258789,2897906000000.0,-0.462065368890762,,,2,-0.1751991182314845,6,Lower‑middle performers,-0.1437760324441659,121
PSE,5896.71082944838,17420800000.0,65.17,1.56832126015003,92.8018379896001,2.39326476511584,-5.41093700031979,5165775.0,5.166,77.582,40.0,5.87110177678988,98.0,49331897000.0,-1.20955741405487,,,8,-0.3587950111845686,8,Lower‑middle performers,-0.3952092089222579,170
PYF,19828.9248461199,44026363258.1748,84.07,1.56832126015003,80.7772976087583,0.263581727538977,2.94478583082221,281118.0,11.75,62.288,40.0,3.3233806708656,92.1500015258789,49331897000.0,-0.0595627073198557,,,2,0.0163320934632023,6,Lower‑middle performers,-0.0133316403871743,92
QAT,128918.549288257,213002809330.267,82.368,1.56832126015003,231.273542210618,-0.0489708509014485,1.18715991184813,2656032.0,0.126,99.354,59.0,1.26734310292375,92.1500015258789,56100000000.0,1.19741261005402,,,4,0.6116447196170377,4,Upper‑middle performers,0.9483076064210022,7
ROU,45777.0387317408,350775856415.189,76.6073170731707,1.61389529499238,82.7907771210014,0.057609980983218,2.40427177912809,19059479.0,5.379,54.672,46.0,-4.5191101423114,99.0,25651000000.0,-0.0926659479737282,,,2,0.0389585322446865,6,Lower‑middle performers,0.0450904737372015,83
RUS,44120.14453125,2021421476035.42,73.2546341463415,5.86418887229231,8.80735653394086,-0.285217600763343,3.60000000000001,143826130.0,2.527,75.331,40.0,3.3233806708656,100.0,9300000000000.0,-0.712461888790131,,,2,0.2293627769383257,6,Lower‑middle performers,0.1305763079487999,70
RWA,3396.15532541582,14097768472.1883,67.785,1.26615243356263,553.345358735306,2.1984982050137,8.24128769450616,13954471.0,11.994,17.892,57.0,1.77029240198635,79.0,202985000000.0,0.388362646102905,,,8,-0.1526934403902924,8,Lower‑middle performers,-0.2975695379194615,153
SAU,61102.915372338,1067582933333.33,78.732,7.08638630224988,14.9673785522564,3.32877939509885,-0.754914810584665,33264292.0,3.896,84.95,59.0,1.68792112375817,92.1500015258789,284300000000.0,0.796441078186035,,,4,0.5749853293721032,4,Upper‑middle performers,0.5441431953939695,36
SDN,2740.42114257813,109265503110.904,66.331,1.56832126015003,26.4364807280514,1.32652175747925,-20.1115759693272,50042791.0,5.166,36.342,15.0,138.80846024176,92.1500015258789,136986000000.0,-1.97706210613251,,,10,-1.224115782306335,11,Lowest‑performing cluster,-1.4607551239669387,216
SEN,4791.44862031409,30848333083.7055,68.683,1.46776048919388,91.6797538046019,2.38738348832592,4.58406140454957,18077573.0,2.992,49.579,45.0,5.93947798773215,57.6699981689453,272346000000.0,0.0696751922369003,,,1,-0.2078581440619007,10,Low performers,-0.2358755454604001,136
SGP,141553.47299754,501427500080.059,82.8951219512195,2.65866567626877,7851.00557103064,4.85831607781442,1.07503175095101,5917648.0,3.182,100.0,84.0,2.36645846996694,98.0,17737575000.0,2.31747198104858,,,4,1.327277147827984,4,Upper‑middle performers,1.9511414447296207,3
SLB,2812.37576422898,1633319401.19414,70.528,1.56832126015003,27.9051804215791,2.39583243369756,3.07976981501386,800005.0,1.47,26.037,43.0,5.88585897042164,92.1500015258789,49331897000.0,-0.733603537082672,,,8,-0.2743915412135129,8,Lower‑middle performers,-0.4276432513083535,175
SLE,3367.51026016213,6411869546.28929,61.786,0.560437347011943,114.66898032696,2.19524258771884,5.7100218981806,8460512.0,3.126,44.3,33.0,28.6337500014115,48.6399993896484,441380000000.0,-1.1555837392807,,,1,-0.5771105756469105,10,Low performers,-0.6138118742272027,197
SLV,12657.0340625254,34015620000.0,72.099,1.28386195281933,303.104198841699,0.465531145369394,3.51097706608982,6309624.0,2.839,75.393,30.0,0.853782292567288,90.0,453700000.0,0.0504390224814415,,,2,-0.0671906637165601,6,Lower‑middle performers,-0.0713015499241409,102
SMR,19828.9248461199,44026363258.1748,85.706,1.56832126015003,562.583333333333,0.310582221115543,2.94478583082221,33860.0,5.166,97.836,40.0,1.24216507945569,100.0,49331897000.0,1.20168173313141,,,2,0.3920497673755869,6,Lower‑middle performers,0.4457066126520095,40
SOM,1556.52309067949,10968517090.0004,58.816,1.56832126015003,28.3767924889215,3.07939219638342,4.21638432609835,18358615.0,18.861,47.92,9.0,3.3233806708656,54.0,143465000.0,-1.98020255565643,,,1,-0.8356851817384094,10,Low performers,-0.7799812320248102,207
SRB,28748.4759609015,81342660752.3732,76.2209756097561,2.85324638561608,79.2537638244738,-0.621120944154492,3.84747112784942,6623183.0,7.39,57.113,35.0,4.6705297488997,92.1500015258789,231423180253.083,0.0076343188993632,,,2,-0.0188544820546601,6,Lower‑middle performers,-0.1340301884173108,119
SSD,19828.9248461199,44026363258.1748,57.617,6.25617734436131,17.4405029038026,4.10816463205266,2.94478583082221,11483374.0,5.166,21.195,180.0,2.38280434813759,92.1500015258789,140181400000.0,-2.32788825035095,,,8,0.3865127095670875,8,Lower‑middle performers,-0.3673588412071809,164
STP,6149.98146081928,678976264.835436,69.718,1.56832126015003,235.734375,1.99754660166419,0.372252775001456,230871.0,9.17,76.401,45.0,21.2589138473,93.75,49331897000.0,-0.90243524312973,,,8,-0.195257575537958,8,Lower‑middle performers,-0.2798165741199023,147
SUR,21135.5456365133,3455146280.83975,73.631,1.56832126015003,3.88245766041872,0.914027369002208,2.53956675446825,628886.0,7.325,66.411,40.0,16.2296159130279,95.0,49331897000.0,-0.967238128185272,,,2,-0.1551019862328436,6,Lower‑middle performers,-0.2305848439398068,134
SVK,43625.3641875229,132908336234.295,78.0170731707317,2.01653474902229,112.973211314476,-0.0923148510113108,1.37833727209444,5426740.0,5.234,54.027,49.0,2.75760909424272,92.1500015258789,2465000000.0,0.229512304067612,,,2,0.0555039334244003,6,Lower‑middle performers,0.019334371040639,86
SVN,53952.2047300024,69148468417.3208,81.9780487804878,1.33665006488574,104.888460698039,0.396216782960902,2.11259184318999,2120461.0,3.357,56.088,60.0,1.96562656432512,92.1500015258789,840000000.0,1.03929400444031,,,4,0.2732481404899196,4,Upper‑middle performers,0.3063273913692756,50
SWE,67198.0200377525,584960475767.32,83.309756097561,1.47341062942458,25.7487256923983,0.472717863265105,-0.310670184725893,10536632.0,8.528,88.738,80.0,2.83581658224034,92.1500015258789,93200000000.0,1.60138332843781,,,4,0.5319579223260056,4,Upper‑middle performers,0.6475591225294689,29
SWZ,11245.1491471111,4442875788.08505,64.123,1.56832126015003,70.8672674418605,0.946270731993531,5.01490471257054,1230506.0,34.4,24.79,40.0,3.3233806708656,90.7470169067383,1249160000.0,-0.884958326816559,,,3,-0.5697999710942133,7,Lower‑middle performers,-0.7166197891960228,204
SXM,49826.1146271296,1627776949.27374,76.371,1.56832126015003,1239.38235294118,1.43721256242405,3.8,42749.0,5.166,100.0,40.0,3.3233806708656,92.1500015258789,49331897000.0,-0.0595627073198557,,,2,0.2581342662094719,6,Lower‑middle performers,0.4240204257955239,43
SYC,32705.944308693,2141450171.13932,74.9585365853659,1.70691302906347,260.604347826087,-0.0876274304874622,3.16171435490999,119773.0,5.166,58.82,72.0,0.311726050919668,92.1500015258789,455238000.0,0.624744176864624,,,2,0.2117034087464317,6,Lower‑middle performers,0.0866007407217878,74
SYR,19828.9248461199,44026363258.1748,72.12,1.56832126015003,121.299321190747,4.91861526815481,2.94478583082221,23594623.0,12.962,57.409,40.0,3.3233806708656,94.0,49331897000.0,-1.78816211223602,,,3,-0.2274723915162445,7,Lower‑middle performers,-0.1657347450850314,126
TCA,24755.806302014,1402054390.94734,78.008,1.56832126015003,48.26,0.762674129802692,1.19999674543641,46198.0,5.166,94.247,40.0,3.3233806708656,92.1500015258789,49331897000.0,-0.0595627073198557,,,2,0.0951956385044017,6,Lower‑middle performers,0.1339878937415544,68
TCD,1863.94062120816,13149325362.3347,55.069,2.90849870783417,14.6563818297332,4.57399213394625,4.12231962001739,19319064.0,1.088,24.366,21.0,8.89950732263761,27.2800006866455,226100000000.0,-1.4791487455368,,,1,-0.7688463832532474,10,Low performers,-0.789274351841739,208
TGO,3071.51216831952,9171261837.57103,62.739,4.01481287774573,167.121492921493,2.33345506489111,6.40792215636242,9304337.0,1.94,44.49,32.0,5.48928568141124,92.1500015258789,167787000000.0,-0.578052043914795,,,8,-0.1630913473086516,8,Lower‑middle performers,-0.3956389249199849,172
THA,23465.0631354173,514968699239.005,76.412,1.16558115305502,140.412474309538,-0.0458651887192549,1.88725725050934,71702435.0,0.693,53.608,34.0,1.22802623546169,91.0998687744141,200572750000.0,0.171705812215805,,,2,-0.0707972968808055,6,Lower‑middle performers,-0.0483598542543817,98
TJK,4963.58295264501,12060602008.8478,71.79,1.22399854323499,73.3642337344189,2.01812009749216,8.29999921651935,10389799.0,11.635,28.234,19.0,3.3233806708656,92.1500015258789,1512900000.0,-0.772318005561829,,,8,-0.3536815260548732,8,Lower‑middle performers,-0.41316913548753,173
TKM,19828.9248461199,60628857142.8571,70.073,1.56832126015003,15.3856808460835,1.83970100027524,6.30015758549871,7364438.0,4.304,54.003,17.0,3.3233806708656,92.1500015258789,49331897000.0,-1.2064995765686,,,8,-0.2790268215186379,8,Lower‑middle performers,-0.2769297583633358,146
TLS,4803.96924825568,2079916900.0,67.689,1.26187058679104,92.0843981170141,1.08884743970717,-18.1178133769718,1384286.0,1.603,32.456,44.0,2.06284153005468,92.1500015258789,55111000.0,-0.841954410076141,,,8,-0.7451371807401159,8,Lower‑middle performers,-0.8310667133525537,214
TON,19828.9248461199,44026363258.1748,72.895,1.56832126015003,145.891666666667,-0.424539964766316,2.94478583082221,104597.0,2.192,23.16,40.0,3.18364611260058,99.4000015258789,49331897000.0,-0.115239478647709,,,2,-0.2060540231528308,6,Lower‑middle performers,-0.3807012872166353,167
TTO,35188.5349159275,27372285697.9477,73.49,0.886002727343586,266.238791423002,0.124756950526578,1.34767518168188,1367510.0,4.546,53.439,41.0,0.526884625776839,92.1500015258789,1633150000.0,-0.0436432547867298,,,2,-0.1195986610711037,6,Lower‑middle performers,-0.1105793092782322,116
TUN,13931.8593241649,48529595416.6533,76.508,2.3578511004509,78.0080715756952,0.666925034776371,0.0391565674939329,12200431.0,16.203,70.544,39.0,7.20661657168794,85.2149276733398,3750000000.0,-0.300515085458755,,,3,-0.1551442010675995,7,Lower‑middle performers,-0.2088980824038755,132
TUR,42326.1644386964,1118252964260.77,77.156,1.5026648858863,110.416580694619,0.406389351118662,5.11116818488702,85325965.0,8.449,77.463,34.0,58.5064507300343,92.1500015258789,369113451834.298,-0.247911587357521,,,2,0.0039519000185549,6,Lower‑middle performers,0.0429548282329736,84
TUV,6150.99970413823,62280311.5852172,67.105,1.56832126015003,333.066666666667,-1.77710654146662,3.85280919517032,9816.0,5.166,66.241,40.0,3.3233806708656,92.1500015258789,49331897000.0,-0.449751287698746,,,2,-0.1991434439063741,6,Lower‑middle performers,-0.3910263077542127,169
TWN,19828.9248461199,44026363258.1748,74.496,1.56832126015003,92.8018379896001,1.06107453184959,2.94478583082221,6823613.0,5.166,64.469,67.0,3.3233806708656,92.1500015258789,49331897000.0,-0.0595627073198557,,,2,0.1138587830646688,6,Lower‑middle performers,0.0006685990477623,89
TZA,4018.5166015625,79062403820.892,66.995,1.15169397926637,73.0546635809438,2.90250073555304,5.06952353203394,66617606.0,2.576,37.409,41.0,3.05694676312373,82.0199966430664,2185132500000.0,-0.455080926418304,,,8,-0.2447375194683698,8,Lower‑middle performers,-0.2887778062719317,150
UGA,3097.63702430616,48768955863.3175,68.252,1.98205631258922,235.950124675843,2.80083228962433,5.33697295511469,48656601.0,2.941,26.771,26.0,3.3233806708656,80.5899963378906,3633550000000.0,-0.549508571624756,,,8,-0.3309245947676127,8,Lower‑middle performers,-0.3954287381170475,171
UKR,17630.125,178757021965.008,73.422,36.6531099379099,70.8470245081118,-8.42300777431605,5.32433537426355,37732836.0,5.166,70.095,35.0,6.50198464669254,100.0,2382451228053.0,-0.357320100069046,,,7,1.3288297268882263,1,Top‑performing cluster,-0.7677467807263927,206
URY,34426.6024727939,77240830877.4597,78.138,2.00012218742627,19.3744314935436,-0.0835522251458198,0.3674751756175,3388081.0,8.401,95.771,76.0,4.84914366613156,99.0,61694416992.0,0.850249707698822,,,4,0.3905225742825096,4,Upper‑middle performers,0.3130410254240189,49
USA,82769.4122114214,27720709000000.0,78.3853658536585,3.36183648558074,36.4333780453942,0.491924871690548,2.88755600906016,334914895.0,4.106,83.298,65.0,2.94952520485207,92.1500015258789,916014700000.0,1.21720099449158,,,6,0.6990095866598406,5,Upper‑middle performers,2.000687365092797,2
UZB,11106.9715934786,101591769702.343,72.388,1.56832126015003,79.2892236957962,2.02114614047908,6.29141635081155,35652307.0,4.488,50.532,32.0,9.62825465956682,100.0,49331897000.0,-0.283767521381378,,,8,-0.0825290949124891,8,Lower‑middle performers,-0.1442643314140724,122
VCT,20349.2285703519,1065962962.96296,71.23,1.56832126015003,261.65641025641,-0.711025816110263,6.01610914506236,101323.0,18.056,54.299,63.0,3.62770736940927,92.1500015258789,49331897000.0,0.0738346204161644,,,3,-0.0210070276221319,7,Lower‑middle performers,-0.2000051262294666,130
VEN,19828.9248461199,44026363258.1748,72.514,0.500704497643446,31.9857343688,0.310851368612458,2.94478583082221,28300854.0,5.475,88.438,10.0,3.3233806708656,97.5999984741211,1.0941524e+22,-1.599200963974,,,9,-0.4286986384130779,9,Low performers,0.3148560938633409,48
VGB,19828.9248461199,44026363258.1748,77.276,1.56832126015003,255.46,1.72311000328138,2.94478583082221,38985.0,5.166,49.748,40.0,3.3233806708656,92.1500015258789,49331897000.0,-0.0595627073198557,,,2,-0.0431300274090562,6,Lower‑middle performers,-0.0678863088421437,101
VIR,19828.9248461199,44026363258.1748,80.519512195122,1.56832126015003,301.18,-0.471640678399366,2.94478583082221,104917.0,12.014,96.227,40.0,3.3233806708656,92.1500015258789,49331897000.0,0.654167771339417,,,2,0.1729955990105033,6,Lower‑middle performers,0.1874254149395137,61
VNM,14973.8839607259,429716969043.572,74.588,1.56832126015003,318.032648542413,0.671429250652247,5.0464307361882,100352192.0,1.431,39.48,40.0,3.62109273885843,96.0,49331897000.0,0.126466900110245,,,2,-0.0213236267005284,6,Lower‑middle performers,-0.084268963357985,108
VUT,3460.93371361519,1126313359.21923,71.477,1.56832126015003,25.6805578342904,2.32481600892244,2.21294177094788,320409.0,5.064,25.976,50.0,11.1825017088175,89.0999984741211,49331897000.0,-0.568605482578278,,,8,-0.2676622788326271,8,Lower‑middle performers,-0.4338728394958289,178
WSM,6996.84192109141,938189443.830393,71.698,1.56832126015003,77.4320143884892,0.649190563116911,8.58409121817338,216663.0,4.551,17.508,40.0,2.17245530514377,99.0999984741211,49331897000.0,0.492577105760574,,,8,-0.0947449117270484,8,Lower‑middle performers,-0.296765728454999,152
YEM,19828.9248461199,44026363258.1748,69.295,1.56832126015003,72.395924010834,3.00980765711571,2.94478583082221,39390799.0,17.086,39.831,13.0,3.3233806708656,92.1500015258789,49331897000.0,-2.27542042732239,,,3,-0.5903477427317174,7,Lower‑middle performers,-0.542215791166398,193
ZAF,15194.1991761106,380699271814.508,66.139,0.733136724666569,51.4210899438624,1.32810094082844,0.698485194788034,63212384.0,33.168,68.819,41.0,4.36115246518962,90.0,51243475000.0,-0.256946682929993,,,3,-0.3939600911510579,7,Lower‑middle performers,-0.3312504085547124,158
ZMB,4076.99508686639,27577956471.244,66.349,1.30300202080578,27.1095091405588,2.79406758723844,5.36794285493059,20723965.0,5.961,46.335,39.0,10.884531691282,92.1500015258789,7462500000.0,-0.658970057964325,,,8,-0.2440304353171096,8,Lower‑middle performers,-0.3325597427149261,160
ZWE,3820.36262949732,35231367885.8554,62.775,0.248808250152488,41.5382086079876,1.67709591394986,5.33673049519527,16340822.0,8.554,32.517,21.0,104.705170628667,89.8499984741211,326238490000.0,-1.17033493518829,,,8,-0.6972439352451364,8,Lower‑middle performers,-0.917555359760934,215
