iso3,total_population,population_density,urbanization_rate,population_growth_pct,literacy_rate_unesco,life_expectancy,gdp_total_usd,gdp_per_capita_ppp,real_gdp_growth_pct,inflation_pct_wb,unemployment_rate,military_expenditure_pct_gdp,military_expenditure_constusd,wgi_gov_effectiveness,Corruption_Perception_Index_2024_iso3
ABW,-0.2612474314089808,0.2151310334974457,-0.7785033104112524,-0.6624448740723005,0.2580697960827666,0.36617701947294407,-0.21081253542646927,0.5913750776287601,0.16843182900544926,0.20706469766345553,0.26726383241921353,-0.1577769425699707,-0.0681994544990736,0.8594901703401606,-0.16741217369739056
AFG,0.029668911239434728,-0.17058981490753783,-1.5167296417796587,0.6558235437916905,-4.204594617078359,-1.08528166741502,-0.2049219107814992,-0.954507262491015,-0.07827812581249452,0.7057412339649718,-1.3229192919985637,-0.1577769425699707,-0.06819945453447158,-2.0117162716088317,-1.364108114601902
AGO,-0.003433995910356959,-0.19488526986397678,0.262881262110868,1.2519379671218362,-1.3400738072056944,-1.2847552493114267,-0.17561222752205205,-0.7437394925000489,-0.34989446014566006,-1.0449376391728564,-1.5515973670932102,-0.24582654718752733,-0.06819945341463479,-1.002413591615839,-0.5836542400989598
ALB,-0.24268240418853868,-0.1423010516218074,0.08877730947303261,-1.4156254595894855,0.7719031855667217,0.823221919036717,-0.20218392129657456,-0.2656688543115765,0.11646397135405849,0.26278279904315527,-0.727260832919694,-0.09217800728397464,-0.06819945451129289,0.2975340425410294,-0.06335165709699823
AND,-0.26143390396726174,-0.09302713546666753,1.0763324347046792,0.21312144451046466,0.2580697960827666,1.4476670742117184,-0.21075334757663677,1.5590261297544885,-0.0985082954872549,0.20706469766345553,0.26726383241921353,-0.1577769425699707,-0.0681994544990736,1.561177908576277,-0.16741217369739056
ARE,-0.18824013555696384,-0.11305465788640895,1.0765455362378955,1.817431265080659,0.7314438538378999,1.2884258226554903,0.010547233815400563,1.717378542435861,0.06595388265944278,0.2923168526298438,0.8605748689992503,-0.1577769425699707,-0.0681994544990736,1.6941308052092592,1.2894350587081018
ARG,0.05840100941316703,-0.2035475990646192,1.2761790525550605,-0.5102251635964735,0.2580697960827666,0.5127577474955513,0.06776235296021976,0.05319362774235645,-0.76492836675709,0.20706469766345553,-0.262862415233902,-0.5668867602702747,-0.06819945345253577,-0.3508818466619156,-0.323502948597979
ARM,-0.2409591143438178,-0.1401940381466641,0.05195336453323115,-0.23192860511106925,0.2580697960827666,0.5227249076216174,-0.2019503817966079,-0.26280101204295075,0.8097054510733653,0.36051146945520784,-1.329570322411924,1.2920668997362545,-0.06819945386469135,-0.15132599954965711,0.19679963440398254
ASM,-0.26166844582027066,-0.040924847831515516,1.0533600894239465,-1.7716846649982276,0.2580697960827666,-0.1263173459849693,-0.19330355222309786,-0.31752615172273924,-0.041116862832377206,0.20706469766345553,0.26726383241921353,-0.1577769425699707,-0.0681994544990736,0.7137109046657893,-0.16741217369739056
ATG,-0.26134623660597506,-0.06310943865769754,-1.6275850593588532,-0.3686656885635963,0.2580697960827666,0.5413142616880557,-0.21151305794920366,0.12792185890785415,0.10460964341038934,0.11944664326217665,0.26726383241921353,-0.1577769425699707,-0.0681994544990736,0.4312219341152178,-0.16741217369739056
AUS,-0.07443300559852963,-0.21309056580212415,1.0270207399183942,0.8525425890284786,0.2580697960827666,1.3084321946675608,0.5369412082897173,1.514427287116933,0.03787797477020917,0.21519292205426246,0.48127051689615397,-0.025631715524643255,-0.06819945449985314,1.6792691459921718,1.7577073834098673
AUT,-0.19775260712887135,-0.13638025799263293,-0.12743550612837154,-0.0671179530624398,0.2580697960827666,1.096051054632006,0.009486911544179456,1.5137632817079458,-0.6606985790110047,0.2264330316703345,0.2138599705707632,-0.4281507206144847,-0.06819945455999575,1.4076757835041749,1.2374048004079057
AZE,-0.190560527377254,-0.12689120524430142,-0.21067296500271482,-0.6153955993798566,0.8932811807531871,0.09552316082083777,-0.1810189219302615,-0.1812578532757611,-0.330402595944538,0.26289925294286176,0.18353909662750376,0.9750994156467885,-0.06819945455733949,0.004993750925444421,-1.1039568231009214
BDI,-0.1656851457969861,0.15919468640662943,-2.034523747188975,1.0292700278941493,-1.0859892533375297,-1.420644868572308,-0.2112489446857025,-1.001198002047825,-0.08000769566243197,-0.64155714888554,1.1013812936712006,0.622898324872593,-0.06819945406240226,-1.1997162486923216,-1.364108114601902
BEL,-0.17906762478462693,0.06116548641254111,1.5202229283945325,-0.11489784097327813,0.2580697960827666,1.2164804248298786,0.06720187836142037,1.4629298038585534,-0.31010977722797384,0.21610353857095801,0.20427466203386177,-0.2898577402951538,-0.06819945455598378,1.1087770206680936,1.341465317008298
BEN,-0.16271892133144195,-0.12738431475483364,-0.5293449977745855,0.9000277761309761,-3.38731623962824,-1.8253596041971072,-0.2038625560895627,-0.8851350543974338,0.5003428800276595,0.23682862266235477,0.9409740895842801,-0.47784274693262513,-0.06819945445041516,-0.18729190064526102,0.09273911780359023
BFA,-0.09999565426150074,-0.15610276766816505,-1.2786099885636037,0.7404365230976049,-4.407700326537755,-1.7806257543783082,-0.20358131782354374,-0.9348589801160424,-0.038670843642192754,0.16346294800370909,0.26726383241921353,0.7522509227662778,-0.06819945388999188,-0.8139044878229882,-0.11538191539719439
BGD,0.9444224466670842,0.724482616699231,-0.9396506898295276,0.07937795336154357,-1.0487667422302591,0.12970657436161778,-0.022718663637425567,-0.7037122396504144,0.40855795863062166,-0.1518155825082523,0.3623344436219495,-0.3614789039315958,-0.06819945395417354,-0.680899803261934,-1.0519265648007252
BGR,-0.21664516974278195,-0.17132707758160487,0.6043977792435413,-2.587341453919877,0.765429544323611,0.27534719846871586,-0.16798772838151446,0.32166785466639813,-0.20920450580566957,0.25112406637061785,0.47501072356593266,-0.05357337515366381,-0.06819945456081554,0.08729194175685655,-0.011321398796802079
BHR,-0.25090676360135467,1.178672230436513,1.1656219771223695,1.4387770116395289,0.7314438538378999,1.059833036631751,-0.1924130933151796,1.261353047976112,-0.035396175771703474,0.32784492103657686,1.0622575853573175,0.41734244381957747,-0.0681994545647909,0.7581144400512219,0.5089811842051595
BHS,-0.2591923775926106,-0.18684463625732542,0.8995007824416738,-0.390172500689862,0.2580697960827666,0.11282587631678916,-0.20617707248164843,0.2939829007373054,-0.08969041568567362,0.22065466078098356,-0.3776904991351486,-0.1577769425699707,-0.0681994544990736,0.3176538678686887,1.1333442838075134
BIH,-0.23959293179621613,-0.1703165720250859,-0.5221421659518699,-1.0807460497379282,0.7557196998193552,0.5767637275821981,-0.20046345348817016,-0.2227896420545156,-0.15767904599974253,0.2890297666973963,-0.8197884030820276,-0.4415537239451673,-0.06819945456496324,-0.960005675131025,-0.5316239817987637
BLR,-0.1974251772739598,-0.1826933283638448,0.7761576150159955,-1.0323755236935976,0.2580697960827666,0.061027522986953645,-0.1812352133847036,0.07780547599548465,0.10845923516460095,0.08336045789961301,0.6203552999520082,-0.0721209623332741,-0.06819945451522234,-0.9844133502351585,-0.5316239817987637
BLZ,-0.25911029673893726,-0.2027791839793121,-0.6781751085729505,0.6067081035929999,0.2580697960827666,-0.025877192618231112,-0.2110647874835806,-0.5346597064124208,-0.3264239105648177,0.2087640812459082,-0.09150057281909413,-0.43649516048561166,-0.06819945456542018,-0.34963782928276255,-0.16741217369739056
BMU,-0.2615475901007826,0.650651818702643,1.5974083037255289,-0.7409429354322974,0.2580697960827666,1.204022332431339,-0.20886418504493537,2.8996974108984386,-0.5240419974415464,0.20706469766345553,0.26726383241921353,-0.1577769425699707,-0.0681994544990736,1.2786889072727856,-0.16741217369739056
BOL,-0.17585407422887817,-0.20748013491891787,0.3693467881058038,0.1750207010591051,0.2580697960827666,-0.7271295238972098,-0.19282264252590395,-0.6394453562321876,-0.019322159689042474,0.11780724325556143,0.6731723061757504,-0.22581401370189616,-0.06819945455949866,-0.6212014229379998,-0.7917752732997444
BRA,1.2235630574621181,-0.19735701011319592,1.076929118997685,-0.4415013783812044,0.4636032753484257,0.2951374152009518,0.7301699338709355,-0.27130604329573216,-0.04688496023028076,0.15460296986638275,-0.2155227281741035,-0.34058577127404693,-0.06819945441130286,-0.5255272852055464,-0.4795937234985675
BRB,-0.2600163100706294,0.2587538576859343,-1.3252792243380052,-0.6872189722925084,0.2580697960827666,0.34155933482423406,-0.20948035754369176,-0.263030854068259,0.1414386752107721,-0.1179655225390672,-0.19498278130931482,-0.1577769425699707,-0.0681994544990736,0.43125539329915247,1.2894350587081018
BRN,-0.25877367799366935,-0.15311345082805358,0.7087322899063128,-0.19742381786695903,0.6982669054872677,0.22184705118964823,-0.20583459529321654,2.048463851240698,-0.28542536790206047,0.39358313988140775,0.2715674403337407,0.3653052069640604,-0.06819945456467907,1.4851769714212326,-0.16741217369739056
BTN,-0.2564698697986242,-0.20074280307689227,-0.7744117609734965,-0.25087203740522096,-1.3643496531871508,-0.10901463048901991,-0.19330355222309786,-0.31752615172273924,-0.041116862832377206,0.2353065982082197,0.719142663444563,-0.1577769425699707,-0.0681994544990736,0.6230459265987656,1.4975560919088864
BWA,-0.24455204083219714,-0.2124236466965621,0.44099152357317223,0.34341858241189466,0.2580697960827666,-0.6452581383797853,-0.20398395686641418,-0.27820749437370385,-0.07463802629104302,0.23244074747031573,-3.248392596666319,0.20126733506167319,-0.06819945455629688,0.48324770532317096,0.7171022174059442
CAF,-0.225750860536777,-0.20962214661198886,-0.8057803066629573,-0.021948741343455324,0.2580697960827666,-2.298863184354588,-0.21128652713583104,-0.9889079827007357,-0.3707134178578298,0.2243617235451258,0.12387544144883215,0.1100072837692463,-0.06819945451454701,-1.751673585268862,-0.9998963065005291
CAN,0.020121189789513886,-0.2123330796733806,0.8243611818295552,1.1583438100765946,0.2580697960827666,1.1108388206021704,0.7166429874002356,1.2623323995662887,-0.3105503962720588,0.2543868647340056,0.016089625044084267,-0.2605870028622323,-0.06819945451600341,1.6038618633285515,1.653646866809475
CHE,-0.1994670317348104,-0.05505435911698285,0.49788963294196265,0.101497628316736,0.2580697960827666,1.4497908856120734,0.17134121261789306,2.2031648572150675,-0.3952098579284777,0.32067447016691353,0.47383701231651615,-0.4810109455814475,-0.0681994545578513,2.2417019133977414,1.9658284166106519
CHL,-0.12368512722120445,-0.1965366379641166,1.086476067685782,-0.3508600234684622,0.6634724728664776,1.043374356038041,-0.06689765932627927,0.15155809774390805,-0.47421737911244116,0.15811145257890183,-0.4936922942858119,-0.13366605108369384,-0.06819944837872172,0.7791207799885134,-0.16741217369739056
CHN,9.663617043749964,-0.10687177811177252,0.08737083935380403,-0.7567107449766258,0.2580697960827666,0.5912529934040116,7.503940391863952,-0.14613429007361922,0.325059243741326,0.36309329676307694,0.3836568646530158,-0.1215484751291377,-0.06819945174358798,0.7393496809199834,-0.011321398796802079
CIV,-0.04272425574982885,-0.1464863929536347,-0.3993956828191978,0.8881056884237483,-3.1526001338546843,-1.6607727982600147,-0.17819195845552235,-0.774219330422043,0.476062985513825,0.19987980007917855,0.8302539950559908,-0.4125178991502032,-0.06819945400838956,-0.3323022201476678,-0.16741217369739056
CMR,-0.06237530286465646,-0.17330561479422513,-0.13659887205667878,0.975534249436197,0.2580697960827666,-1.4137519168706694,-0.19102567807249496,-0.8390148089947266,0.0071118145038592704,0.003091646350778943,0.5896431889256101,-0.39489264767983695,-0.06819945419263297,-0.8964924557917348,-0.8958357899001368
COD,0.4823235708186637,-0.1829051496369636,-0.6425445322191607,1.3648327008458132,-0.6813959360493117,-1.6676657499616534,-0.18360894037970577,-0.976039160358722,0.8511505990922588,0.20706469766345553,0.38659114277655693,-0.3086105796722175,-0.06819945210147077,-1.7042652429497254,-0.16741217369739056
COG,-0.21850061496848577,-0.20276736896147732,0.2841914154325124,0.8347071298546089,-0.675731654301686,-1.1222785306299379,-0.20575100772325453,-0.78678032510506,-0.20601910609628782,0.15790510351204326,-2.574682339501252,0.0035911191018138584,-0.0681994543327499,-1.338169982778181,-1.0519265648007252
COL,0.10612379291513611,-0.18184737495370218,0.8453303726980536,0.015805310434672995,0.2580697960827666,0.5591796671188335,-0.05477316982280765,-0.28297652135813356,-0.41199641176273133,0.041968907064652484,-0.6016737292321295,0.3294105703969161,-0.06819939178470134,-0.03962103784384888,-0.2194424319975867
COM,-0.2560195578839316,0.10827550401121788,-1.380387280827778,0.5218992120856011,-2.2050945171232317,-0.9809026845044875,-0.21180823107810454,-0.8940602351639371,-0.03303179378534977,0.20706469766345553,0.5198073695853288,-0.1577769425699707,-0.0681994544990736,-1.5453902125986,-1.1559870814011175
CPV,-0.2583277283393297,-0.12236852608354601,0.2327913256207059,-0.377693591218222,0.16501320963439475,0.32481930926311103,-0.21129592503916297,-0.6617388395457771,0.36094615345747655,0.1869160538879173,-1.045727818594702,-0.5461676456112119,-0.06819945456367875,0.05279006735903234,0.9772535089069249
CRI,-0.226080816281151,-0.14363758012475755,0.856752614878455,-0.3970096898887208,0.7346806744594512,0.9916068820338965,-0.17488664167049564,-0.019377057046416433,0.3031919937641492,0.39482851282139797,-0.2573850960699583,-0.1577769425699707,-0.0681994545654914,0.3071731167833965,0.7691324757061403
CUB,-0.18446762466011893,-0.13856354066034945,0.6394316713043249,-0.9191482005156574,0.8668297566923218,0.6098217612533233,-0.19330355222309786,-0.31752615172273924,-0.8154498579684598,0.20706469766345553,0.9785328495656077,-0.1577769425699707,-0.0681994544990736,-0.45201856520679295,-0.11538191539719439
CUW,-0.26096245619756875,0.02851041391577851,1.1295651977021468,-1.595081722374451,0.2580697960827666,0.4290576196899361,-0.21097174397902735,0.12468886927565255,0.15862601108143787,0.20706469766345553,0.26726383241921353,-0.1577769425699707,-0.0681994544990736,-0.022785419396623555,-0.16741217369739056
CYM,-0.2614889106631317,-4.781888138447881e-05,1.5974083037255289,0.570956714736488,0.2580697960827666,0.929570316719146,-0.20929879906901067,2.099865043136141,0.18367715158812747,0.20706469766345553,0.26726383241921353,-0.1577769425699707,-0.0681994544990736,1.3153762873984367,-0.16741217369739056
CYP,-0.25253967726182774,-0.11144622902768443,0.1903841205106333,-0.04989576738267214,0.8414932855291313,1.1110378207010672,-0.19770030483388323,1.0341569651651825,-0.09400474189707858,0.283597957061098,0.18197414829494846,-0.062076084326727655,-0.06819945456478498,0.7999487529526252,0.665071959105748
CZE,-0.18556444466682984,-0.1156340318155295,0.5128067402671141,0.4330333096642321,0.2580697960827666,0.862054386612201,-0.063569754504038,0.8896637304599724,-0.5225337242495846,0.25168720133125416,0.7876091529938584,-0.1742566003029262,-0.06819945441452897,1.188222162569404,0.665071959105748
DEU,0.32394726904957893,-0.04226024460133389,0.649745785512001,-1.082350486825542,0.2580697960827666,0.9553785709250893,1.7500820699250108,1.4677403299343554,-0.5513077073098126,0.26067200570484955,0.6115524655813845,-0.17595107168145463,-0.06819945448221316,1.261905067143344,1.653646866809475
DJI,-0.25389079593940417,-0.18009682089745313,0.6832879668402696,0.18180707017011444,0.2580697960827666,-1.0920339466329523,-0.21061742083155385,-0.7776179458077361,0.551791824722186,0.2989313363659092,-3.783800544941809,-0.1577769425699707,-0.0681994544990736,-0.716130109734265,-0.635684498399156
DMA,-0.2615348410431059,-0.15116779236193573,0.4042954395533004,-0.9902190480991977,0.2580697960827666,-0.3682740179608655,-0.2121110725747348,-0.3354290969776986,0.2396913092740521,0.1616259902726168,0.26726383241921353,-0.1577769425699707,-0.0681994544990736,0.3078216960013911,0.8731929923065326
DNK,-0.2201606168585699,-0.108926343652946,1.1070616757944907,-0.22372446173021004,0.2580697960827666,1.1399683178380655,-0.03586777575163193,1.6315829491327944,-0.11254836415846849,0.3051050290905589,0.18490842641848979,-0.0140568370911728,-0.06819945448986849,2.118619106990325,2.434100741312417
DOM,-0.1822771085879821,-0.04720794007913878,0.9344920541958138,-0.12912587468319067,0.5291471951937909,-0.004213630127366482,-0.1597328940032237,-0.10799986154337474,-0.13392827571320615,0.20812727840364795,0.2072089401574031,-0.4668166974211513,-0.06819945449829405,0.17079548200657613,-0.37553320689817515
DZA,0.06280420465439515,-0.20174024673043492,0.5433228798237086,0.2542654521683793,0.2580697960827666,0.3532351509719079,-0.10501676316441526,-0.42615415885513414,0.14242051989413818,0.17074971746566434,-0.9575038563468957,2.30806774343131,-0.06819945121847508,-0.6528332679851974,-0.4795937234985675
ECU,-0.13549666478899922,-0.1636903891784404,0.09683254742861451,-0.14092323803066922,0.4077692000073255,0.5123357300444304,-0.16086009250205247,-0.45372197448743906,-0.13478586074416585,0.2963055959100915,0.34414191925599386,0.11435262095977516,-0.06819945456182086,-0.4713327561212798,-0.5836542400989598
EGY,0.5438598738824715,-0.1338075576942683,-0.8276871442776076,0.3737109762161807,-1.1701447374167246,-0.2977971036237017,-0.04067647196447191,-0.3646866874644612,0.08819576302582223,-1.3285440578366814,-0.13023304404983846,-0.4183332457855397,-0.06819945443489792,-0.20847968284837343,-0.6877147566993521
ERI,-0.23758546883311585,-0.19518559641522573,-0.8205695530681784,0.4262828829683821,0.2580697960827666,-0.7210806070978135,-0.19330355222309786,-0.31752615172273924,-0.041116862832377206,0.20706469766345553,0.19155945683184988,-0.1577769425699707,-0.0681994544990736,-1.812294368867547,-1.5722291478026869
ESP,0.07816844444857282,-0.14649273884024966,0.8111488867701362,0.08162707752416652,0.2580697960827666,1.4254305286774631,0.49012376086439113,0.8901156888217016,-0.08387431068202471,0.2346602967771346,-0.9510484444751052,-0.17992413003693233,-0.06819945453595794,0.8147313156429821,0.665071959105748
EST,-0.2523615985367743,-0.19273031082443318,0.31070124616463807,0.3037651669486277,0.8827619767534381,0.6668284275165024,-0.19448957888791754,0.6572845203807932,-0.9892686422918673,0.19715706365978006,-0.25347272523857006,0.3270470749024976,-0.06819945456400908,1.3424479655057984,1.7056771251096712
ETH,0.6434595651332919,-0.13527617704468295,-1.6776639196647174,0.9510420596974305,0.2580697960827666,-0.9052208882701668,-0.14141048418879812,-0.9238887645254532,0.5234298317887331,-1.1443423061572668,0.6131174139139399,-0.4490443300737003,-0.0681994544752862,-0.7545029347447672,-0.323502948597979
FIN,-0.2227149384082388,-0.20232853908508355,0.991049201111458,-0.37636596474693645,0.2580697960827666,1.1162941681410374,-0.08424325122632739,1.1976045822935317,-0.6939040194448751,0.29538287054048407,-0.3379799351965574,0.16081232941523438,-0.0681994545563344,1.8327400260910474,2.330040224712025
FJI,-0.2555006036918142,-0.17918004287925599,-0.16225629665593855,-0.36804927443626567,0.2580697960827666,-0.9050802157864593,-0.21003483322812389,-0.4866194238125037,0.6864628308469929,0.26611491417505306,0.4353001596273413,-0.2518190443339675,-0.06819945456527365,0.5451101998315312,0.6130417008055518
FRA,0.21846138993512274,-0.12573577963255306,0.8207384557648759,-0.4854088126507203,0.2580697960827666,1.2912770137276925,1.1109682122620128,1.0740733157390174,-0.36019000850297916,0.2736079499234522,-0.16387943319977782,0.024476713760956774,-0.06819945448909875,1.2198135367654426,1.2374048004079057
FRO,-0.26161946889395316,-0.18708523830616947,-0.8325032389282992,-0.07462642684457932,0.2580697960827666,1.3214701321818645,-0.21070033354919004,1.7894407384656463,-0.11352168102913365,0.20706469766345553,0.26726383241921353,-0.1577769425699707,-0.0681994544990736,-0.022785419396623555,-0.16741217369739056
FSM,-0.26121034516007696,-0.0998336722317086,-1.6682022115899076,-0.40159822371639803,0.2580697960827666,-0.9216795688638767,-0.21219519340044166,-0.8784950959468749,-0.384366977179999,0.10228212007041503,0.26726383241921353,-0.1577769425699707,-0.0681994544990736,0.27843564491116474,-0.16741217369739056
GAB,-0.24452006264944853,-0.20871897491242944,1.2150615328285843,0.6957631655180935,-0.2646646957703666,-0.7614536099216974,-0.20398728798592555,-0.2839681777965752,-0.12038157434987644,0.3151081645413487,-2.6464743442572276,-0.31278433416172446,-0.06819945434876333,-0.7660056978334565,-0.8438055315999405
GBR,0.21890122538906445,-0.013113453460655592,0.9428456342978984,-0.17324629985395634,0.2580697960827666,1.053375826525983,1.2536421074215383,1.0707217805422073,-0.4549637476606196,0.209667863968094,0.4736413937749468,0.10233201820197818,-0.06819945448419425,1.2368568085820797,1.4455258336086902
GEO,-0.2358610180642688,-0.16861333307329254,-0.07641899907635494,-0.640612512279336,0.8932811807531871,0.1049482172292002,-0.19904849970061442,-0.12795941793369178,0.7353828130665011,0.31829392500919873,-0.9678716390500749,-0.11564670561814223,-0.06819945456371276,0.8552026588458777,0.5089811842051595
GHA,-0.02427428666414762,-0.1102891318196584,-0.13988063566821196,0.5126449389001251,0.2580697960827666,-1.160822791165633,-0.17927823937317022,-0.7617333864582491,-0.041116862832377206,-0.7739991450878394,0.6896042636675813,-0.5981008812297709,-0.06819945456101084,-0.056940055775145375,-0.06335165709699823
GIB,-0.26173212074961616,-0.14849458553518025,1.5974083037255289,0.7381632750517154,0.2580697960827666,1.3790189021627433,-0.19330355222309786,-0.31752615172273924,-0.041116862832377206,0.20706469766345553,0.26726383241921353,-0.1577769425699707,-0.0681994544990736,-0.022785419396623555,-0.16741217369739056
GIN,-0.16064731203344196,-0.1742131284139987,-1.0414279820937014,0.8617040705485691,-3.530542002309689,-1.8301424686431422,-0.20276835357437395,-0.8759813742718641,0.5626407342152788,-0.034107244570831564,0.2547442457587709,0.050378579730519235,-0.06819944870072718,-0.898221938867202,-0.7917752732997444
GMB,-0.24302102113048438,-0.027336153145578367,0.08319404930276177,0.7603081302874732,-2.4510873281177217,-1.1098993520637301,-0.2113556393967347,-0.9167933019778278,0.25323890393811566,-0.47884434374543766,0.0070911721318911115,-0.5252284771657547,-0.06819945456434384,-0.5707544454661027,-0.27147269029778287
GNB,-0.24685211296232712,-0.16144362014525873,-0.7268474987595862,0.7250175344096463,-2.8370690811721015,-1.3595930106435077,-0.2115064395021646,-0.9309773677844102,0.31706936995534574,-0.09795568568343523,0.7649174021718063,-0.1999243503433405,-0.0681994545448363,-1.4396022369458563,-1.1559870814011175
GNQ,-0.24900362198382403,-0.169085825398699,0.5083742283762115,0.8292711389926222,0.2580697960827666,-1.4127672094847212,-0.2070447422975044,-0.40493022209044705,-1.317552631981576,0.13353689880181108,-0.252494632530723,-0.14960063098593437,-0.06819945443303653,-1.323787085119449,-1.5722291478026869
GRC,-0.18879008290529853,-0.15704263088445503,0.7736856372306851,-0.8806543640965016,0.2580697960827666,1.0953648473944098,-0.10680670924674697,0.4545123666808977,-0.13845497855026498,0.23630275067310122,-0.7043734635560722,0.4643738406003947,-0.0681994545558587,0.19140103443042494,0.30086015100437485
GRD,-0.26117902835228507,0.032868545270809936,-1.0851564167097159,-0.6006663492250074,0.2580697960827666,0.20468500817740445,-0.21182368892984607,-0.35444056725411716,0.05760044165447766,0.23858233011030672,0.26726383241921353,-0.1577769425699707,-0.0681994544990736,0.03242793684109856,0.665071959105748
GRL,-0.2616027023352095,-0.21543396386955233,1.0834074056074652,-0.4645491767685526,0.2580697960827666,-0.3095072301332512,-0.19330355222309786,-0.31752615172273924,-0.041116862832377206,0.20706469766345553,0.26726383241921353,-0.1577769425699707,-0.0681994544990736,0.8269401044162014,-0.16741217369739056
GTM,-0.1344781825351427,-0.09521711044164555,-0.40156931845800564,0.28005988967794126,-0.4798135633977861,-0.16148546691169843,-0.167102016069092,-0.5373045093322032,0.05135076600480997,0.22988602997445534,0.8437516744242807,-0.5898785552323628,-0.06819945456103889,-0.8871070316864007,-0.9478660482003329
GUM,-0.26083127880721335,0.005437327019640547,1.3913817414118703,-0.18690645992395336,0.2580697960827666,0.4865926655260658,-0.19330355222309786,-0.31752615172273924,-0.041116862832377206,0.20706469766345553,0.18510404496005908,-0.1577769425699707,-0.0681994544990736,0.7137109046657893,-0.16741217369739056
GUY,-0.2561886587957425,-0.21251848657092876,-1.5069695915583456,-0.33022986214807154,0.08652200730281741,-0.5021942224498498,-0.2049538007535758,0.9444298215762644,4.861494044681984,0.2281395837959025,-0.7106332568862935,-0.5244028823329303,-0.06819945453825711,-0.26520308657722025,-0.2194424319975867
HKG,-0.2089795244144293,-0.14849458553518025,1.5974083037255289,0.9194408843446653,0.2580697960827666,1.6173626930327,-0.04726341108051346,1.5524564477612175,0.011589181695727644,0.28714080018340643,0.7314666315634362,-0.1577769425699707,-0.0681994544990736,1.6431073948847266,1.601616608509279
HND,-0.18710665145557678,-0.14797631428751798,-0.09836845699764843,0.3903838211319189,0.2580697960827666,-0.12181582650634847,-0.19747760199394307,-0.7749020546735856,0.06021794760072084,0.1426067298520357,0.09218523771458688,-0.1586046981994001,-0.06819945454756762,-0.7819108038436455,-1.1039568231009214
HRV,-0.23484641962930716,-0.16576106828030238,-0.16813789897271234,-0.6251005462339727,0.8487756689073208,0.6644267021849211,-0.17579906049652855,0.6143563075438647,0.01572295219342786,-0.024969514787060422,0.2535705345093546,-0.07877201624677263,-0.06819945456369807,0.7740623541349746,0.19679963440398254
HTI,-0.1801231862514835,0.08599344163548907,-0.12206534749131724,0.038137012235997136,0.2580697960827666,-1.2398807270089198,-0.20378676610666926,-0.9158229602244267,-0.8051056848777235,-1.475703526208607,-1.667794780785443,-0.7232208773528455,-0.06819945456325337,-2.2576381982347886,-1.4161383729020984
HUN,-0.19451310112402256,-0.13919137272971935,0.4408636626532424,-1.033510442778209,0.8204542601692262,0.42494037626437153,-0.12029666075957869,0.5933259208259165,-0.6531874274706698,0.18795472683584805,0.4104566048480256,0.05116001713476917,-0.06819945249358868,0.42332593574179195,-0.11538191539719439
IDN,1.7164234605390194,-0.10910387079122515,-0.1682657598926422,-0.15971374395662022,0.2580697960827666,-0.3663046031889693,0.38218499606292267,-0.4770935058235875,0.29305306608342574,0.18964162253964012,0.6322880309877427,-0.4904125291729347,-0.06819926033218403,0.6375141943812093,-0.323502948597979
IMN,-0.2614106221616038,-0.10890895211845757,-0.3852031207069827,-0.666504050064708,0.2580697960827666,1.0197413787752783,-0.19330355222309786,-0.31752615172273924,-0.041116862832377206,0.20706469766345553,0.26726383241921353,-0.1577769425699707,-0.0681994544990736,-0.022785419396623555,-0.16741217369739056
IND,9.856116529078164,0.13079843184080553,-1.1147775298268017,-0.1340898060340499,-0.9678480787726156,-0.24574828465214194,1.3345994188632644,-0.6668887270983058,0.7863403597884164,0.1251799477510005,0.45584010649212997,0.16886498892799864,-0.06819944527491596,0.5289418795241948,-0.27147269029778287
IRL,-0.2246590360217606,-0.16136546220081524,0.08293832746290201,1.018085920094581,0.2580697960827666,1.2816701124013692,0.026706185165595076,3.48144306631054,-1.3875696705176934,0.2678597006163455,0.4231718100500377,-0.6624410766185547,-0.06819945456390974,1.68057540729438,1.7577073834098673
IRN,0.3755113464438936,-0.17567457915305948,0.6280946697372104,0.06825568727121863,-6.0937902443752996e-05,0.5491919207756427,-0.0369372199706991,-0.395950057089188,0.2925422340394725,-1.8659026579751596,-0.5202964159392526,0.026350149463704033,-0.06819550885728645,-1.016331135992119,-0.16741217369739056
IRQ,0.05513387341411498,-0.1422002078125673,0.3869489747494819,0.7289264256530639,0.2580697960827666,-0.20059241738222203,-0.10362194276822985,-0.5243965043462616,-0.9753703521543576,0.15506074556843663,-1.7589530211567903,0.03074122989394931,-0.06819944519886087,-1.3952534417694393,-0.8958357899001368
ISL,-0.25923523328262643,-0.21279685194036443,1.343476516744814,1.154941221731344,0.2580697960827666,1.2459873360464406,-0.19881118189999528,1.726288276707991,0.2913171193993499,0.0797668455172707,0.6700424095106398,-0.1577769425699707,-0.0681994545654914,1.643401761896332,1.7577073834098673
ISR,-0.1933563000374586,-0.14849458553518025,1.2928435924525867,0.6092636635826779,0.2580697960827666,1.3286753081766065,0.010322036438566455,0.9200211561231192,-0.1240157225890713,0.21976979871941055,0.6616308122231549,1.2422102327090077,-0.06819945442893377,1.2205807607735308,1.0813140255073173
ITA,0.15306961563282231,-0.07137410613210218,0.40288896943407176,-0.7128264100768105,0.2580697960827666,1.3996977572676608,0.7853602881076132,1.0554001953797372,-0.3981385833279187,0.3246925665908393,-0.048073256590683844,-0.14378800066529437,-0.06819945452121585,0.6692042854710278,0.5610114425053556
JAM,-0.2420223379099072,-0.026155231465895688,-0.21915440602472921,-0.6769788924365099,0.2580697960827666,-0.3194606661145663,-0.2039721314067963,-0.6214946756550939,-0.15943670637402432,0.10212129425501257,0.32223264260021933,-0.2862216944220366,-0.06819945451767989,0.4589589517854662,0.040708859503394076
JOR,-0.18151759684511104,-0.12395757139685999,1.2572982567120836,0.325715363709274,0.4886878634649691,0.5716995181687489,-0.19029368430565607,-0.6587619666843862,-0.08345995137178311,0.2692957574711814,-2.242522055916385,1.088348648270673,-0.0681994545631492,0.43720971340487846,0.30086015100437485
JPN,0.6140843712808819,0.03244715273505923,1.2582785237648797,-0.9986583279111144,0.2580697960827666,1.4476979535374073,1.6107964690881555,0.7658846463819481,-0.24221847797912,0.23645116136261973,0.7764588961244017,-0.2967832269237171,-0.06819944509578124,1.7219746277929324,1.4455258336086902
KAZ,-0.11896214311658623,-0.21017279600010325,-0.18501554040345475,0.23229927887227664,0.2580697960827666,0.09172500376075088,-0.09850550580837122,0.35809163887618434,0.3012978844340431,0.1300277284495806,0.34003392988303616,-0.5641563691769026,-0.06819945380580217,0.19017477686627401,-0.16741217369739056
KEN,0.12735710221901603,-0.14667290649999076,-1.4064709084934703,0.5595471917252433,-0.492046559891416,-1.421348230990843,-0.16554599091471234,-0.8064145927854819,0.37372578739688417,0.14845657121779196,0.21483806327861024,-0.4051696781489437,-0.06819945437892082,-0.2746121289300366,-0.5836542400989598
KGZ,-0.21204964103541157,-0.18926242814071745,-1.0535321491803953,0.42495220844845105,0.2580697960827666,-0.2111737329859301,-0.2063292208169615,-0.7775167074765321,0.4683402487067595,-0.16626294920231946,0.6344398349450061,0.6090744770932905,-0.06819945451060769,-0.8804622468769072,-0.9478660482003329
KHM,-0.139410055587533,-0.1451374145592513,-1.5748211197344615,0.11816514604731647,-0.41921963930745504,-0.43354605040087457,-0.1940366959712092,-0.7659822409999814,0.2790656329493417,0.2671553441144833,1.225012211943071,0.036910148203362636,-0.06819945086899731,-0.2769535952410715,-1.1559870814011175
KIR,-0.2610703306745549,-0.09917631025224888,-0.20278820827370628,0.297386266814319,0.2580697960827666,-1.0236671195513904,-0.21227358967386856,-0.9062161355743206,0.1463274005787216,-0.09239011037619826,0.26726383241921353,-0.1577769425699707,-0.0681994544990736,-0.06097633892535095,-0.16741217369739056
KNA,-0.26167381421486635,-0.08575635895730048,-1.3393013052236473,-0.6251045684352845,0.2580697960827666,-0.22577279196576036,-0.21193696739116247,0.185791487216448,-0.14595014391394637,0.19532045818625285,0.26726383241921353,-0.1577769425699707,-0.0681994544990736,0.4312219341152178,-0.16741217369739056
KOR,0.10184221327100591,0.1669226337717844,0.8070573373323803,-0.6423703233226232,0.2580697960827666,1.3616132555811506,0.5303220937568283,0.853021457380267,-0.293422472785229,0.25739365369187084,0.7684385359200556,0.3066552358197938,-0.06819937024626094,1.4882935959953685,-0.16741217369739056
KWT,-0.22785460280740913,-0.029478058473223833,1.5974083037255289,2.8335767708838526,0.2580697960827666,1.3276459973202173,-0.1414074699109711,0.8297875286779256,-1.0873579482532219,0.2284109932546745,0.8584230650419867,1.0847451843717475,-0.0681994545622825,0.046457940825151346,0.1447693761037864
LAO,-0.2080726456665703,-0.1918744600123316,-1.0345234924174886,0.18702601143289888,-0.11658401083678469,-0.6732519626374613,-0.20552461003024167,-0.6985053948113836,0.08612731475521739,-0.7881808431557727,1.0395658345352654,-0.1577769425699707,-0.0681994544990736,-0.6251200838329165,-0.16741217369739056
LBN,-0.22138105769496033,0.19011247852506952,1.1469969031192522,-0.3735662519589083,0.2580697960827666,0.5721215356198696,-0.19330355222309786,-0.31752615172273924,-0.041116862832377206,-10.747629845713258,0.26726383241921353,2.584942339544252,-0.06819942650992825,-1.5921141177875582,-1.1039568231009214
LBR,-0.2233543613451355,-0.17523455081807063,-0.3815803946423031,0.6989132607156947,0.2580697960827666,-1.6299655243282007,-0.21055607555103154,-0.9695751176298428,0.2351662757545708,-0.13315925496609138,0.7140565813637582,0.11484464033365069,-0.06819945456544138,-1.3599191904058365,-0.8438055315999405
LBY,-0.21060088512087086,-0.21256791003831912,0.8134503833288732,0.01947287806326909,0.2580697960827666,-0.6204997812473677,-0.1928395258891726,-0.5337429003724593,1.1045529522475697,0.26722118219694396,-2.363609933147853,-0.1577769425699707,-0.0681994544990736,-1.649391812262024,-1.5722291478026869
LCA,-0.260741366992616,-0.0038130783511941286,-1.8475058416382235,-0.5136714201889268,0.2580697960827666,-0.14812158095954153,-0.21134087990953904,-0.09533857567442083,-0.15784615514836428,0.16951899199087891,-0.8598902041037577,-0.1577769425699707,-0.0681994544990736,0.11486687997257526,0.8211627340063364
LIE,-0.26172241823828274,-0.03722530905689537,-2.0416413383984047,-0.12361471771420934,0.2580697960827666,1.5602702508648318,-0.19330355222309786,-0.31752615172273924,-0.041116862832377206,0.20706469766345553,0.26726383241921353,-0.1577769425699707,-0.0681994544990736,1.7184192204647808,-0.16741217369739056
LKA,-0.10695258707238278,0.043491987225895964,-1.8458436496791355,-1.102072716273948,0.24593187309203834,0.5251369260617611,-0.17581507518041034,-0.5116174502678952,-0.8740785367420629,0.3956274705946154,0.3005189844860141,-0.13099913167984104,-0.06819945405255913,-0.22164867024290444,-0.5836542400989598
LSO,-0.24573950438750006,-0.16113768723071625,-1.368325734047727,0.0046773911053070195,-0.5624454019889045,-2.3035053763169167,-0.21147625270024342,-0.9302941997040913,-0.2187672677384414,0.06727513110278802,-1.8808233725545358,-0.1697481812352269,-0.06819945456464854,-0.9453463086638672,-0.323502948597979
LTU,-0.24179860320512753,-0.18285930290646274,0.2631369839507277,0.19236731985826827,0.8795251561318869,0.45547659833733656,-0.17779545317177556,0.8064127640401688,-0.45459890259800484,0.33809020081513114,-0.19009231777007937,0.2706697170952592,-0.0681994545627987,1.1222940389308127,-0.16741217369739056
LUX,-0.25731386163836273,-0.03227391711057945,1.2597702344973947,0.5829268952718174,0.2580697960827666,1.3516632506360364,-0.1752088000134749,4.008069928665724,-0.6830623552747639,0.27099093803843993,0.11683317395233328,-0.46370793713488756,-0.06819945456466582,2.013948077624805,1.9658284166106519
LVA,-0.24879327660396638,-0.19371708538886065,0.26215671689793224,-0.7563181687425763,0.8843800783840101,0.27122995504315134,-0.19407476722869133,0.46570330924417064,-0.2378055437382731,0.3104513585247937,-0.03672738117965779,0.10332666987799649,-0.06819945456418879,0.7574563274260392,0.8211627340063364
MAC,-0.25722682750841763,-0.14849458553518025,1.5974083037255289,-0.5517003021534774,0.6594262927494332,1.3266166864638302,-0.192533121440617,3.1773770181347873,11.416577073030723,0.3501168116678238,0.8011068323621482,-0.1577769425699707,-0.0681994544990736,1.1634143918926672,-0.16741217369739056
MAF,-0.261809206111595,0.2015741848757799,0.08306618838283189,-3.7234479125834965,0.2580697960827666,0.9107202039024191,-0.19330355222309786,-0.31752615172273924,-0.041116862832377206,0.20706469766345553,0.26726383241921353,-0.1577769425699707,-0.0681994544990736,-0.022785419396623555,-0.16741217369739056
MAR,0.003338758046881325,-0.15511214276298302,0.11085462831425627,-0.046626096724827724,-0.939526670034522,0.219877636417752,-0.14977120993857124,-0.6785798963693566,0.03173722175040558,0.3245476768165581,-0.47158739908846803,0.6153393959312581,-0.06819945449470981,0.0016164645470554666,-0.323502948597979
MCO,-0.26172870833627554,13.279359494568197,1.5974083037255289,-0.6507479842454446,0.2580697960827666,1.7755746337325413,-0.20806038829933857,-0.31752615172273924,0.29230265989605625,0.20706469766345553,0.26726383241921353,-0.1577769425699707,-0.0681994544990736,2.1261557881715745,-0.16741217369739056
MDA,-0.2447100742673384,-0.15194633485516887,-0.81605180056399,-2.4843509460387923,0.860913591898048,-0.3589896340362107,-0.20522268243400552,-0.39822753335330374,-0.3845371373471426,0.1390128771207782,0.9973122295562716,-0.5392791778752056,-0.06819945456320638,-0.13153630688701234,-0.011321398796802079
MDG,-0.04251122265472148,-0.17774137521437633,-0.9361132043781347,0.861719716570336,-0.9290068486743669,-1.4233176457627403,-0.2055476107929753,-0.9685163322348309,0.09475731053466922,-0.12209861264113196,0.6886261709597342,-0.49585697645435695,-0.06819945395492345,-1.0167224362277638,-0.8958357899001368
MDV,-0.25830195582372834,1.046495745348558,-0.8758054704778809,-0.46442569547260776,0.7201152903426659,1.0256496230909689,-0.20953665946309086,-0.14014004931980095,0.24194001257430955,0.3037183563560054,0.3709416594510037,-0.1577769425699707,-0.0681994544990736,-0.09337829106748682,-0.27147269029778287
MEX,0.650833663716088,-0.1677398629324581,0.8124274959694343,-0.14109828212169065,0.2580697960827666,0.1855535503932644,0.5634173490806389,-0.13816593270960972,-0.0005721005281592825,0.13677585839676476,0.7475073519721283,-0.49810743997052176,-0.06819945428226704,-0.16601141374548314,-0.8958357899001368
MHL,-0.2617296159678651,-0.05469359746183233,0.6967559837395484,-2.689937219615828,0.2580697960827666,-0.9572697072417266,-0.21228222275292224,-0.7621257489388956,-1.1341386250773542,0.20706469766345553,0.26726383241921353,-0.1577769425699707,-0.0681994544990736,0.11088450670236709,-0.16741217369739056
MKD,-0.2491424614734123,-0.16306699107348713,-0.12960914176717936,-0.8255459295208015,0.2580697960827666,0.22031337801362386,-0.2055590982332808,-0.15259892771575756,-0.17966365259642542,0.19870564998059634,-1.3467847540700324,-0.10899545538308997,-0.06819945454502693,-0.014277055298108694,-0.16741217369739056
MLI,-0.09476550813952571,-0.20187397831823775,-0.6960330170564883,1.1846666149438152,0.2580697960827666,-1.8724848862389243,-0.20343510818547775,-0.9383661161222044,0.2308796219959718,0.21294265662237064,0.6792364809644023,0.6859159759288845,-0.06819945392420254,-1.1362387642535208,-0.8438055315999405
MLT,-0.2581137242894986,0.9843354573483899,1.3817921724171307,1.7798872570375401,0.4838329412128366,1.372592571382664,-0.20271231547391738,1.2585403664519133,0.6823672229385949,0.11809857821527885,0.7490723003046836,-0.534811126030145,-0.06819945456535102,0.4486859982239283,0.1447693761037864
MMR,0.11887739578566905,-0.15603446874710405,-1.2959990736740656,-0.2504098035211195,0.2580697960827666,-0.9651473663293135,-0.1834466191474545,-0.8192092535617788,-0.3567012009883868,0.20706469766345553,0.6847138001283459,0.6713140757499529,-0.06819944751736977,-1.7700339434178032,-1.4161383729020984
MNE,-0.2576674369117768,-0.18238362172186534,0.25495388507521594,-0.7972046492407843,0.8107444156649704,0.5398800885614857,-0.20912917863662034,0.08516875909220006,0.4979400081674286,0.20639292855791982,-1.4803922179619429,-0.13315792628277512,-0.06819945456534869,0.2936208402905496,0.1447693761037864
MNG,-0.23750979768779978,-0.21394107458179235,0.27997200507482667,0.17347206855838254,0.2580697960827666,-0.22894650043964104,-0.20358109946989866,-0.3834771063201642,0.670229040285181,0.032232956231222694,0.21679424869430436,-0.5188294847801941,-0.06819945404339388,-0.44789917996119505,-0.5316239817987637
MNP,-0.26168517719949536,-0.14317221452028409,1.2596849938841077,-1.9843388610093151,0.2580697960827666,0.7115279669734258,-0.19330355222309786,-0.31752615172273924,-0.041116862832377206,0.20706469766345553,0.26726383241921353,-0.1577769425699707,-0.0681994544990736,-0.022785419396623555,-0.16741217369739056
MOZ,-0.025349049112460966,-0.18553478170324517,-1.0129576172559844,1.171783530364149,0.2580697960827666,-1.4262717679205856,-0.20330830360576235,-0.9738000163479491,0.35481717399655927,0.015946708535099316,0.5878826220514853,-0.09668118002861316,-0.06819945453314588,-0.7008100473961065,-0.9478660482003329
MRT,-0.22666538731206126,-0.21211648458975757,-0.20547328759223357,1.1799518872058756,-1.7802715339706028,-0.7407747548167819,-0.2077757720215199,-0.7833123912425471,0.5248680780604874,0.12517920232476987,-0.7513219135327319,0.20829110179338858,-0.06819945455193505,-0.7492779510417894,-0.6877147566993521
MUS,-0.2531302358468676,0.24116823609259072,-0.9228582890120719,-0.7653260362063199,0.2580697960827666,-0.04751330681959558,-0.20604437122683517,0.03254584245753969,0.5965376897453116,0.1679098898855882,0.20662208453269484,-0.6863702592943492,-0.06819945456411947,0.7714660075698505,-0.16741217369739056
MWI,-0.11351369400756132,-0.05793250585020422,-1.8855231551640375,0.9306890017728423,-1.6896424086482973,-0.8998753338893045,-0.2068823050689105,-0.9683105923703805,-0.20830793724530736,-1.2428671379982348,0.29093367594911285,-0.36593773016454506,-0.06819945436759232,-0.8482450506284136,-0.16741217369739056
MYS,-0.014857545599275955,-0.13924797599569944,0.6902776971297684,0.08714518947991848,0.5696065269226127,0.4089414545198469,-0.03907088564364777,0.28221337740279834,0.05590975395741833,0.28189610099449525,0.5293926781222301,-0.3962617764351319,-0.06819945454159887,0.9419684733733271,0.352890409304571
NAM,-0.24115474764883996,-0.21299817409269278,-0.325364210179805,0.891658286120476,0.26616153895644923,-0.8953738144106816,-0.20703889937002884,-0.6289502572004254,0.15195089856066302,0.16105589246690466,-2.4678746158043516,0.2795814715694006,-0.06819945455709495,0.07055932447046917,0.30086015100437485
NCL,-0.2599633015714373,-0.20418714824000508,0.43468371818996504,-0.09063268390589303,0.2580697960827666,0.7056197226577351,-0.19330355222309786,-0.31752615172273924,-0.041116862832377206,0.20706469766345553,-0.9033175203321678,-0.1577769425699707,-0.0681994544990736,-0.022785419396623555,-0.16741217369739056
NER,-0.07794449150048095,-0.20109845271973711,-1.9377756511087099,1.3870714416505656,-4.115584210747032,-1.7678245583609784,-0.20510138169729597,-0.9661051753058473,-0.11178326343673337,-0.08176023528452052,1.2083846359096706,0.029610934194865303,-0.0681994542944302,-0.6226820533329545,-0.4795937234985675
NGA,1.3413596785545336,-0.03853847229820732,-0.3510642550857082,0.6323560259265332,-2.0881232405323553,-2.7132843213551636,-0.054620319225598055,-0.8100233497003699,-0.05455325497051011,-0.8650070469572062,0.6931253974158308,-0.44194626879189247,-0.06819945190591939,-0.8362752120934036,-0.8958357899001368
NIC,-0.21399251440167302,-0.17513019837810598,-0.11383962830916257,0.17397003044882925,0.2580697960827666,0.1683915073810206,-0.2046633956190525,-0.7340266734876988,0.2169694606971977,0.1416757879871742,0.3830700090283075,-0.5395369691691793,-0.0681994545608465,-1.0808748858954251,-1.5201988895024907
NLD,-0.13622112365916322,0.16424085676505518,1.3066951921116556,-0.06669216408961133,0.2580697960827666,1.1485459083079996,0.28816994578886984,1.7967371879475722,-0.49713066393421873,0.20585061865311644,0.5737980870584873,-0.17113000769228504,-0.06819945454477383,1.7160586258335189,1.8097376417100635
NOR,-0.22316746663262685,-0.20471156900752452,0.9152702958996908,0.02668981793235834,0.2580697960827666,1.317009785137495,-0.0019497861861666568,2.6146936275418193,-0.4327715845159345,0.21601259311451093,0.5012236081362343,-0.14322851779241927,-0.06819945444218495,1.8960249972105263,1.9658284166106519
NPL,-0.05307435166854038,-0.06578741601630987,-1.731109784195402,-0.7354547221672337,-1.4412221365277489,-0.47771721028484737,-0.19465573333963568,-0.8394470073191019,-0.19876152942849282,0.01656048703842922,-0.8164628878753473,-0.34136379526014,-0.06819945449105866,-0.7948930902219388,-0.4795937234985675
NRU,-0.26191924764695,0.21071241587386527,1.5974083037255289,-0.29694266646173323,0.2580697960827666,-1.6375618384483737,-0.21232781005061427,-0.5343569364145372,-0.41512786711994126,0.20706469766345553,0.26726383241921353,-0.1577769425699707,-0.0681994544990736,-0.031293783495138415,-0.16741217369739056
NZL,-0.2252535698924447,-0.20149467171245067,1.0427050127631243,0.6008043348128697,0.2580697960827666,1.301913225910415,-0.10304403492465375,0.8977159761357857,-0.3924715584133825,0.22719265699122115,0.32536253926533,-0.2887293630006053,-0.06819945455883827,1.6174556408955911,2.069888933211044
OMN,-0.2264766280850469,-0.2044930826463617,1.1030127466633783,3.4258130097288584,0.6505251903802562,0.8835704145469846,-0.16521108431489423,0.5028785611817921,-0.30077740328404834,0.3262798605745735,0.6594790082658913,1.2746436023599603,-0.06819945456246213,0.32204972192271664,0.6130417008055518
PAK,1.4794150166648463,0.012837624607490045,-1.0433458958926494,0.2856957168472407,0.2580697960827666,-0.8582362787120563,-0.06586606891749519,-0.8161977082602576,-0.5152829183083716,-0.2606892697828807,0.20740455869897242,0.3027128395731629,-0.06819945135648094,-0.5575429882801992,-0.8438055315999405
PAN,-0.23063139963507842,-0.17267747855347018,0.29800039478493795,0.1344516436509105,0.2580697960827666,0.8220965391670604,-0.17626547998076672,0.40466528275664143,0.6666048561136663,0.3396246317771253,0.0027875642173641004,-0.1577769425699707,-0.0681994545654914,-0.17773303003497207,-0.5316239817987637
PER,-0.023868293907460238,-0.19664125330424018,0.6990574802982861,0.0024485255753965594,0.2580697960827666,0.5612897543744373,-0.09635411741625356,-0.4207396703107533,-0.596388189758935,0.2731729155894486,0.3333828994696759,-0.32474756888952006,-0.06819945455037252,-0.4688848846848654,-0.635684498399156
PHL,0.5463606240606447,0.06057281469363923,-0.6066156137188684,-0.1803178646034802,0.2580697960827666,-0.551007574296151,-0.02283529177721195,-0.6371546296694551,0.37213354350067107,0.21263081419848737,0.8566624981678619,-0.2768329994894489,-0.06819945415720455,0.1976841340724055,-0.5316239817987637
PLW,-0.26187807353794124,-0.18764472932261766,0.8476318692567912,-0.8050012829797538,0.2580697960827666,-0.6303468551068508,-0.2122724448241309,-0.4005843531354578,-0.21075277222073585,0.26191663685078564,0.26726383241921353,-0.1577769425699707,-0.0681994544990736,0.4950893041550505,-0.16741217369739056
PNG,-0.1889023266785414,-0.199257872687918,-2.079743892537505,0.4511001133944513,0.2580697960827666,-1.0713550915280348,-0.1990695700254716,-0.8669486421748269,-0.026671903768967165,0.343784753565523,0.7416387957250458,-0.6264137902421194,-0.06819945456502223,-0.7893066366219333,-0.635684498399156
POL,-0.0038741128004504727,-0.12863226584898615,-0.09811273515778869,-0.9218861452815041,0.8770976950058206,0.6692301528480817,0.1384982757274954,0.6493374709252924,-0.48691929269298784,0.18390703638591094,0.7942601834072186,0.6877991622141922,-0.06819945438557379,0.4735575504700372,0.5089811842051595
PRI,-0.2394478655317692,0.04671848818056891,1.326087431634352,-0.9743785913090435,0.2782994619471775,1.116946065016758,-0.16126879916610884,0.6908097885384876,-0.41944619347044376,0.20706469766345553,0.20740455869897242,-0.1577769425699707,-0.0681994544990736,-0.3627950998123309,-0.16741217369739056
PRK,-0.07612685722177188,-0.05757596636942606,0.02910888017242856,-0.47752296902397373,0.2580697960827666,-0.015186083856506384,-0.19330355222309786,-0.31752615172273924,-0.041116862832377206,0.20706469766345553,0.7185558078198547,-0.1577769425699707,-0.0681994544990736,-1.4927608844569227,-0.16741217369739056
PRT,-0.1875757844129212,-0.13324990700681,0.22955218231581623,0.17236266834928063,0.6327229856419117,1.2000114511276065,-0.0870263049093542,0.6768386329905174,-0.10760779024865587,0.252650940066964,0.02900044878766565,-0.1760835601203861,-0.06819945456022854,1.0577270398151415,0.7171022174059442
PRY,-0.2138480461890487,-0.20320151079531984,0.026807383613690873,0.08474036714495882,0.2580697960827666,0.013229757852290492,-0.19376757855702315,-0.40112307364467426,0.2399909351641091,0.18133728826319853,0.08592544438436558,-0.40500613580953854,-0.06819945066390706,-0.4381266995240595,-0.9998963065005291
PSE,-0.22565690307749756,-0.14849458553518025,0.6419462693962789,0.81835408387343,0.7314438538378999,-1.2069633658215022,-0.2048404976278821,-0.8212573573948145,-1.3686520854201092,0.07905016315636539,0.26726383241921353,-0.1577769425699707,-0.0681994544990736,-1.209461482036655,-0.16741217369739056
PYF,-0.26002487980145184,-0.15718099088268522,-0.009888700406181021,-0.524981596425506,0.2580697960827666,1.4517465762392185,-0.19330355222309786,-0.31752615172273924,-0.041116862832377206,0.20706469766345553,-1.0206886452738169,-0.1577769425699707,-0.0681994544990736,-0.022785419396623555,-0.16741217369739056
QAT,-0.24331521337586798,-0.048464038509866546,1.5698755856339643,-0.7221297274761118,0.2580697960827666,1.2123220089700468,-0.1200304546340363,3.626703242169382,-0.32036383675962543,0.3103737653542376,1.2531812819290669,-0.1577769425699707,-0.06819945448996138,1.274283612070353,0.8211627340063364
ROU,-0.1279021383762072,-0.15572647381606156,-0.33448495580146903,-0.6549019608176906,0.8123625172955434,0.40195243380494156,-0.06028805763813246,0.6206502699773087,-0.12699231088496427,0.601123846637991,0.2255970830649282,-0.14075866356091987,-0.06819945453095627,-0.056944553390632896,0.1447693761037864
RUS,0.7499440148938646,-0.20917134238152132,0.546007959142236,-0.8711465918848309,0.8932811807531871,-0.0696778005938967,0.6641524331444996,0.560743832114269,0.06298183760323856,0.20706469766345553,0.7835011636209006,1.4463881014573814,-0.06819944204447302,-0.6965101117195535,-0.16741217369739056
RWA,-0.16382048353731074,0.18419735733010004,-1.9020598341416335,0.6955015913203692,-0.8060107518573284,-0.8391048209279163,-0.20628146066793202,-0.9116670968223741,0.8003773947722668,0.2851022314133952,-1.0684195694167542,-0.27061297774856496,-0.06819945429220335,0.439427399187111,0.7171022174059442
SAU,-0.027958440681133952,-0.20472140529403834,0.9559726887440316,1.4084466749886364,0.2580697960827666,0.700836858211699,0.2505403218221895,1.1747705489876292,-0.6289155504806587,0.28924111490995,0.515699380212371,1.9027816803694373,-0.06819945418272522,0.8605223000563463,0.8211627340063364
SDN,0.09009346410867841,-0.19643624284162264,-1.1157151765729538,0.14548684561149547,0.2580697960827666,-1.043642612237772,-0.16501396528850223,-0.9353757313671754,-3.7042508624843653,-6.60061113215698,0.26726383241921353,-0.1577769425699707,-0.06819945438106083,-2.001447254421874,-1.4681686312022946
SEN,-0.13481073452801706,-0.1493051677076555,-0.5515501775357391,0.8146443633102224,-2.532005991575365,-0.7127809305591037,-0.19901792906940416,-0.8612190651696718,0.21932692014472713,0.07561448536778036,0.6925385417911225,-0.19532839623030618,-0.06819945419881944,0.11057477860402481,0.09273911780359023
SGP,-0.22036679698338088,5.4559526747602725,1.5974083037255289,2.3732293041237673,0.7314438538378999,1.2864735630645299,0.005038873095746191,4.083529798669003,-0.3381784634583627,0.25514686404449693,0.6553710188929336,0.2493800176082904,-0.06819945454161049,2.4300694922232444,2.1219191915112403
SLB,-0.2563740407889352,-0.19537526916049433,-1.5549174365320457,0.8199736867721467,0.2580697960827666,-0.45324019811984295,-0.2116864080106119,-0.9327741500051255,-0.01967096316325788,0.07830866312757186,0.9902699620597727,-0.1577769425699707,-0.0681994544990736,-0.7183261147033776,-0.011321398796802079
SLE,-0.20247545051541366,-0.1326979849069741,-0.7765427763056612,0.6934480524620423,-3.262701423820223,-1.6829990506857075,-0.2096142897997318,-0.9127027838452357,0.3982165559960363,-1.0646974039724295,0.6663256572208209,-0.5341414602575494,-0.06819945397124116,-1.1537662101435608,-0.5316239817987637
SLV,-0.21760889155740137,0.003425695327206393,0.5486504181541197,-0.3975983878444468,0.08409454617675115,-0.23224372621627745,-0.19764450141895404,-0.5768320443142168,0.048838108476248726,0.3311538242488515,0.7224681786512431,-0.26399988016198445,-0.06819945456488057,0.09072503316433297,-0.6877147566993521
SMR,-0.26176456330201525,0.19087077597288388,1.5051779601494517,-0.4953351941679666,0.8932811807531871,1.6818867595837352,-0.19330355222309786,-0.31752615172273924,-0.041116862832377206,0.31163887751528907,0.26726383241921353,-0.1577769425699707,-0.0681994544990736,1.2786889072727856,-0.16741217369739056
SOM,-0.13283335005364075,-0.19503458141244218,-0.6222572662569553,1.2511412373562782,-2.8289773382984182,-2.1007963272952495,-0.2076383950054546,-0.9781805858118531,0.1609113549032653,0.20706469766345553,-2.4117320943739293,-0.1577769425699707,-0.06819945456529825,-2.004687874795289,-1.7803501810034714
SRB,-0.2154027205993205,-0.1582815761517903,-0.2304487872852008,-1.0830236357206326,0.2580697960827666,0.3476048205874436,-0.17712212119224108,0.004967906416632777,0.10229939820603601,0.13937492513098415,-0.16779180403116606,0.3220404439432961,-0.06819945425391571,0.04655498889215638,-0.42756346519837135
SSD,-0.18120688429761658,-0.20293484548285892,-1.7612849612988504,1.9000578579792917,0.2580697960827666,-2.2694626352598433,-0.19330355222309786,-0.31752615172273924,-0.041116862832377206,0.2543255378874621,0.26726383241921353,1.5927646338201196,-0.06819945437675873,-2.36346369245775,7.11682398833007
STP,-0.26037841285944313,-0.04524157839340754,0.5916116872505548,0.5687477720760661,0.38753953414291464,-0.5671849099224456,-0.21210023892840754,-0.8121001394286588,-0.4498341350407169,-0.6941363503550085,-0.5159928080247254,-0.1577769425699707,-0.0681994544990736,-0.8925430419704062,0.09273911780359023
SUR,-0.2575780176104452,-0.2127290391047194,0.16583482388409918,-0.11470137028131294,0.4886878634649691,-0.016733481177281857,-0.21089641093205047,-0.2702841508954858,-0.10549700176176145,-0.44143081188134486,-0.15507659882915414,-0.1577769425699707,-0.0681994544990736,-0.9594129432273906,-0.16741217369739056
SVK,-0.223820778443615,-0.13392299114851353,-0.3619750535863902,-0.7494697310574464,0.2580697960827666,0.6002663254698176,-0.15476174576914378,0.5428546223454372,-0.28999008159598827,0.2354928426634338,0.25396177159249333,0.009595163841815137,-0.06819945456217266,0.27551021128052394,0.30086015100437485
SVN,-0.2470834394073017,-0.139763332547321,-0.2741346015945718,-0.4413196621080767,0.2580697960827666,1.1574666023967248,-0.18240987736036923,0.9162304426581114,-0.1733336504081949,0.27528733770034947,0.6211377741182859,-0.24428771680811787,-0.06819945456436047,1.1111215007659179,0.8731929923065326
SWE,-0.18786806992837632,-0.19693307006580402,1.1174184103088096,-0.3930652369467733,0.2580697960827666,1.3448011782600875,0.04126119887969616,1.395144311415681,-0.5583351350945938,0.23156317581422345,-0.3904057043371609,-0.19321851802402193,-0.06819945444001195,1.6911397755865922,1.9137981583104557
SWZ,-0.2533450771692503,-0.16433989561494664,-1.608064958916227,-0.09436329217540088,0.14454215585027722,-1.3542474562626434,-0.21046810271360739,-0.6278799603066652,0.2877781694707991,0.20706469766345553,-5.451448611821075,-0.1577769425699707,-0.0681994545638096,-0.8745086648414148,-0.16741217369739056
SXM,-0.2617020211531808,0.6797834858902146,1.5974083037255289,0.21530705131334651,0.2580697960827666,0.3687091241796686,-0.21168881137883205,0.7670480987934081,0.09475731051959492,0.20706469766345553,0.26726383241921353,-0.1577769425699707,-0.0681994544990736,-0.022785419396623555,-0.16741217369739056
SYC,-0.2611600876992687,-0.027275763642349057,-0.15769592384510667,-0.7465130566945724,0.2580697960827666,0.17001438749793904,-0.2114660677421326,0.14805358539462105,-0.006651830622693409,0.3583903523326461,0.26726383241921353,-0.10602393452743758,-0.0681994545648785,0.6833487864442228,1.4975560919088864
SYR,-0.095993301495382,-0.1279082942817306,-0.2178331765187873,2.4112640973057364,0.4077692000073255,-0.22928960405843207,-0.19330355222309786,-0.31752615172273924,-0.041116862832377206,0.20706469766345553,-1.2577783176559483,-0.1577769425699707,-0.0681994544990736,-1.8065219215686112,-0.16741217369739056
TCA,-0.26167775432099155,-0.1806711550710112,1.3522136796066881,-0.21017013392271536,0.2580697960827666,0.598989980007891,-0.2117866912397758,-0.13939050630334404,-0.3183243544695445,0.20706469766345553,0.26726383241921353,-0.1577769425699707,-0.0681994544990736,-0.022785419396623555,-0.16741217369739056
TCD,-0.12607572328956188,-0.20494606615491298,-1.6261359689329813,2.193886889397116,-4.991123970324219,-2.6278961237450655,-0.20669273316277623,-0.9670656400385083,0.1459666023009618,-0.07311716997476327,1.0649962449392893,0.3426727938912024,-0.06819945426108255,-1.4876519622982105,-1.1559870814011175
TGO,-0.19653837899553198,-0.0948068247078574,-0.7684449180434361,0.7806280453398846,0.2580697960827666,-1.5489381737130168,-0.20841773711238665,-0.9234048499706979,0.5090971097569145,0.09823515542398606,0.8983292475221476,0.7557931875616308,-0.06819945433959203,-0.5578129989740825,-0.5836542400989598
THA,0.24248863552831676,-0.11410114738044294,-0.3798329620699284,-0.7201707754881003,0.17309445738113705,0.3744766960116538,0.010910730567663032,-0.18605843795761834,-0.2091342166424076,0.31234930752591755,1.1422655688592085,-0.30816835589089164,-0.06819945429545107,0.21585986702764223,-0.4795937234985675
TJK,-0.188901172790319,-0.1625361126287149,-1.4612806228367399,0.5817248726711097,0.2580697960827666,-0.2757115236817143,-0.20716483524790058,-0.8549954000250756,0.8097053266603079,0.20706469766345553,-0.9981925129933341,-0.2863541046730143,-0.06819945456345451,-0.758275457733383,-1.2600475980015098
TKM,-0.21018732173169996,-0.20441922798273232,-0.36299794094582916,0.4691838348221558,0.2580697960827666,-0.5172461782064918,-0.18610422839476318,-0.31752615172273924,0.49197575874280075,0.20706469766345553,0.43588701525204954,-0.1577769425699707,-0.0681994544990736,-1.2063061087752405,-1.364108114601902
TLS,-0.25226309588364326,-0.14901285678284254,-1.2813376881887744,-0.004430482798657542,0.2580697960827666,-0.8526093793637807,-0.21149275035669798,-0.8607663710751623,-3.387487116209182,0.2704026081449622,0.9642526960310405,-0.2722119071232625,-0.0681994545654172,-0.830133053113162,0.040708859503394076
TON,-0.2612668645752628,-0.11014303469725015,-1.6775360587447876,-0.9590266657392648,0.8447301061506826,-0.120268429185573,-0.19330355222309786,-0.31752615172273924,-0.041116862832377206,0.21408589570167674,0.8490333750466548,-0.1577769425699707,-0.0681994544990736,-0.08023811147677108,-0.16741217369739056
TTO,-0.25238113020570946,-0.023205499046752825,-0.3870357938926441,-0.6125478083827952,0.2580697960827666,-0.03656830137995784,-0.20052524423220602,0.23781378849485799,-0.29486159371330434,0.34757934765026455,0.3885473281922511,-0.41256867221414667,-0.06819945456329261,-0.006358184435664993,-0.11538191539719439
TUN,-0.17616174023002934,-0.1591814515290127,0.3419845512408119,-0.2705655887560021,-0.3031071110447491,0.38798125444751624,-0.19135081989214553,-0.5307396382329971,-0.5027555826417011,0.011944974759308436,-1.8917780108824234,0.13704968743307833,-0.0681994545604426,-0.2714234502493225,-0.2194424319975867
TUR,0.3383424819576757,-0.1357698750363421,0.6368744529057274,-0.4349031327347011,0.2580697960827666,0.4791370238895996,0.27251231973841433,0.49588093567208397,0.3030722562579335,-2.565701524616519,-0.3749518395531769,-0.18229437886473807,-0.06819945406853696,-0.2171420595244098,-0.4795937234985675
TUV,-0.2619337345728641,0.025070276533313843,0.15858937175474,-1.8121822341512757,0.2580697960827666,-0.9347621098486184,-0.2123676562153471,-0.8120633239638584,0.10314749627394078,0.20706469766345553,0.26726383241921353,-0.1577769425699707,-0.0681994544990736,-0.42541983635469854,-0.16741217369739056
TWN,-0.21399251440167302,-0.14849458553518025,0.08306618838283189,-0.021948741343455324,0.2580697960827666,0.1049482172292002,-0.19330355222309786,-0.31752615172273924,-0.041116862832377206,0.20706469766345553,0.26726383241921353,-0.1577769425699707,-0.0681994544990736,-0.022785419396623555,1.2374048004079057
TZA,0.2067122678698941,-0.16275974295065707,-1.0702393093845648,1.1395637834906465,-0.5616366598538245,-0.9502360830563792,-0.17811090686357228,-0.8891650884824336,0.2964558635637127,0.2204521177374855,0.7739158550839993,-0.31335411131061597,-0.06819945162354686,-0.43091947444344697,-0.11538191539719439
UGA,0.08034036462697924,-0.045085723027746244,-1.5236341314558717,1.075434592166489,-0.6773503732926734,-0.7734107710367863,-0.1912470262464921,-0.922460283286005,0.3389475230617023,0.20706469766345553,0.7025150874111628,-0.003279791229500039,-0.06819944967347566,-0.5283590761752681,-0.8958357899001368
UKR,0.003481805006939056,-0.16435451890385372,0.32284803355797526,-6.0042033454182215,0.8932811807531871,-0.04613403027202786,-0.1348804232418404,-0.3970256552612416,0.336939697521384,0.04735039165025832,0.26726383241921353,12.943602488879078,-0.06819945135788757,-0.3300403731631097,-0.42756346519837135
URY,-0.23816458703858492,-0.20153779519140796,1.4171670269310603,-0.7439425480116456,0.8123625172955434,0.6172774028897915,-0.17890079382801208,0.21026546431888096,-0.4505931874398674,0.13040016827170484,-0.365562149557845,0.0034663768370983327,-0.06819945448242937,0.9160472622429797,1.7056771251096712
USA,2.094426181754132,-0.18921458616573184,0.8855639421693183,-0.3809500727301035,0.2580697960827666,0.6520749719082134,11.808110342576544,1.958141416129184,-0.05020938608941726,0.22584969471174535,0.4746194864827939,0.5119584148313298,-0.06819945333221861,1.2947031861717333,1.1333442838075134
UZB,-0.011156596879930772,-0.15825596030235897,-0.510933025304685,0.5836336034271536,0.8932811807531871,-0.19158937842497836,-0.1683415190984459,-0.632875888850745,0.49058697441251387,-0.10973430632196557,0.3998932036032771,-0.1577769425699707,-0.0681994544990736,-0.2541416894883725,-0.5836542400989598
VCT,-0.2612899001242879,-0.02651576447138472,-0.35038233017941567,-1.1397327422871706,0.2580697960827666,-0.35448811455758783,-0.2119324302499988,-0.2987141221336565,0.44684689111270587,0.19177329054610784,-2.25425916841055,-0.1577769425699707,-0.0681994544990736,0.11486687997257526,1.0292837672071211
VEN,-0.06288071294196829,-0.19242751860161258,1.104632318315823,-0.49516542456869306,0.6990762649827608,-0.17386464547790823,-0.19330355222309786,-0.31752615172273924,-0.041116862832377206,0.20706469766345553,0.20681770307426434,-0.5564469309071232,14.662878298614654,-1.6115334837103643,-1.7283199227032753
VGB,-0.26172850429506545,-0.03099198805098791,-0.5443473457130235,0.395641977418962,0.2580697960827666,0.4960177219344282,-0.19330355222309786,-0.31752615172273924,-0.041116862832377206,0.20706469766345553,0.26726383241921353,-0.1577769425699707,-0.0681994544990736,-0.022785419396623555,-0.16741217369739056
VIR,-0.26126461308604837,0.0020356737065191583,1.4366018867604002,-0.9887362835905715,0.2580697960827666,0.9522906383559139,-0.19330355222309786,-0.31752615172273924,-0.041116862832377206,0.20706469766345553,-1.0723319402481424,-0.1577769425699707,-0.0681994544990736,0.7137109046657893,-0.16741217369739056
VNM,0.44406556953267917,0.014209855153959268,-0.9819726543263135,-0.26772447400273935,0.5696065269226127,0.11789008573023634,-0.02605689711922317,-0.4930643393977384,0.2927869410189162,0.19210565378984482,0.9978990851809798,-0.1577769425699707,-0.0681994544990736,0.16917797033616952,-0.16741217369739056
VUT,-0.25974843210543946,-0.19698231383134035,-1.5575172752372863,0.7751788062174194,0.011267625592790223,-0.31974201108197947,-0.21190626056435788,-0.909324978365816,-0.15739031835004832,-0.18783006494177007,0.28721692365929397,-0.1577769425699707,-0.0681994544990736,-0.5480651208780761,0.352890409304571
WSM,-0.2604783789805636,-0.15959758936654597,-1.9184260318926563,-0.2817519240608599,0.8204542601692262,-0.28865339218275243,-0.21198783656108136,-0.7814811695952623,0.8548411151818658,0.264894879547446,0.387569235484404,-0.1577769425699707,-0.0681994544990736,0.5469659851757657,-0.16741217369739056
YEM,0.015147073170737956,-0.1632356096984233,-0.9670129266945189,1.2072495442046849,0.2580697960827666,-0.6266893705304716,-0.19330355222309786,-0.31752615172273924,-0.041116862832377206,0.20706469766345553,-2.0645091830882167,-0.1577769425699707,-0.0681994544990736,-2.309322304430325,-1.5722291478026869
ZAF,0.18275345347701102,-0.17838761593166422,0.2684645222811388,0.1464829437637889,0.08409454617675115,-1.0706517291095008,-0.0473123951258739,-0.485098652900184,-0.39800318794388523,0.15492010739960838,-5.210446568607555,-0.4696519718068857,-0.06819945449649994,-0.2264653473419319,-0.11538191539719439
ZMB,-0.11619097501195301,-0.19595005397982287,-0.6898104522865681,1.0711676351023482,0.2580697960827666,-1.0411105075310474,-0.20043605940797005,-0.8870507484448232,0.34386793912581454,-0.17285805995928666,0.11174709187152834,-0.25685258634934793,-0.0681994545554443,-0.6413120531406623,-0.2194424319975867
ZWE,-0.14703034748002258,-0.1855269086252524,-1.2787378494835338,0.3666177672877572,0.07195662318602292,-1.5438739642995676,-0.19711731780517408,-0.8963295161274341,0.33890900166868815,-4.887033953387738,-0.3954917864179656,-0.6505101543185047,-0.0681994541262615,-1.1689879246230555,-1.1559870814011175
